,cosori,cosglm,deltacos
0,0.9987140313146253,0.998613311430754,0.00010071988387128084
1,0.9989865128622695,0.9995141471133215,-0.0005276342510520671
2,0.9990763692622824,0.9990256120741854,5.075718809699481e-05
3,0.9979790872754055,0.9975285349123194,0.0004505523630861097
4,0.9986380066554335,0.9997099763401902,-0.0010719696847567572
5,0.9987682243066728,0.9983716808356279,0.00039654347104489673
6,0.9991179241057653,0.9997361231048351,-0.0006181989990697856
7,0.9992595542485048,0.9987504727372177,0.000509081511287035
8,0.9986526874862828,0.9995740289737922,-0.0009213414875094417
9,0.9985245165920598,0.999637087198378,-0.0011125706063181973
10,0.9987774640722411,0.9978204691437309,0.000956994928510202
11,0.9990836199032906,0.9994950482505517,-0.0004114283472610447
12,0.9987547775762938,0.9995075010992922,-0.0007527235229983775
13,0.9993227506502306,0.9992642296785765,5.8520971654041354e-05
14,0.9993125694400189,0.99919378551898,0.00011878392103892299
15,0.9980980539714401,0.99982919695191,-0.0017311429804698353
16,0.9992572640556887,0.9991037163457932,0.00015354770989550737
17,0.9992051684662479,0.9997323121185149,-0.0005271436522670259
18,0.998745846461321,0.9984789368056681,0.0002669096556529027
19,0.9993086495936574,0.9989963935626218,0.00031225603103557376
20,0.9985732204632822,0.9984316798139445,0.00014154064933769028
21,0.9986479802239497,0.9994297933979053,-0.0007818131739555367
22,0.9984666659279574,0.9978221112225557,0.0006445547054017009
23,0.9991712593085642,0.9999488001855906,-0.0007775408770264169
24,0.9989992037506032,0.9987002361750966,0.00029896757550662567
25,0.998282326861692,0.998227240616081,5.5086245611013496e-05
26,0.9996362781398785,0.9977796692383023,0.00185660890157624
27,0.9996650921615673,0.996711761947483,0.002953330214084282
28,0.9998285471697811,0.9999889896999894,-0.00016044253020830457
29,0.999308663448113,0.9995704797283949,-0.0002618162802818791
30,0.9990202634109029,0.9982771009568885,0.0007431624540144011
31,0.9993585462310419,0.9977306385578959,0.001627907673146023
32,0.9988130777970857,0.9986567697944304,0.0001563080026553143
33,0.9987212629668114,0.9986422669604258,7.89960063856121e-05
34,0.9987913990864822,0.9997516639486561,-0.0009602648621739318
35,0.9992598841134335,0.9981583684000079,0.0011015157134255382
36,0.9991522876858551,0.9996858574356848,-0.0005335697498297653
37,0.9972719230951681,0.9987756827769401,-0.0015037596817719656
38,0.9983768334209632,0.9981980698192175,0.000178763601745624
39,0.9998739306005753,0.9993298438907772,0.0005440867097981084
40,0.9992240413958011,0.9996914351502073,-0.0004673937544061868
41,0.9990005182933113,0.9982395583235806,0.0007609599697306901
42,0.9993195612017434,0.9971868466904148,0.0021327145113285706
43,0.9997612030952543,0.997508620258581,0.002252582836673289
44,0.9989545251267149,0.9984446230031759,0.0005099021235389634
45,0.9993833120218045,0.999959100338078,-0.0005757883162734734
46,0.9996645811767052,0.9999848836501282,-0.00032030247342296203
47,0.9986389970777041,0.9984224579489929,0.00021653912871122394
48,0.9980512441880474,0.9999763650068454,-0.0019251208187980318
49,0.9993394820695074,0.9996326281533187,-0.0002931460838112576
50,0.9990658557568968,0.9990515433582214,1.4312398675331295e-05
51,0.9981168709955226,0.9978073718100532,0.00030949918546940847
52,0.9995390901788351,0.9994817810116734,5.730916716173429e-05
53,0.9992650170268818,0.9992546540817842,1.0362945097597276e-05
54,0.9991360582085438,0.9995605123821925,-0.00042445417364866955
55,0.9998345959950432,0.99967045289496,0.00016414310008316946
56,0.999493168175532,0.9988586522121397,0.000634515963392368
57,0.9980947343339879,0.9986260134705577,-0.0005312791365698066
58,0.9985284761208422,0.9991228434508453,-0.000594367330003176
59,0.999379179756292,0.9999084620469081,-0.0005292822906161065
60,0.9986280321168721,0.9986440751589418,-1.6043042069702196e-05
61,0.9990598486132052,0.9972164033863897,0.0018434452268154544
62,0.9992575142775794,0.9993201491616754,-6.263488409607998e-05
63,0.998195278571384,0.9989927165846636,-0.0007974380132795833
64,0.9992702545928414,0.9985852656116658,0.0006849889811755272
65,0.998790980568122,0.9998568042211633,-0.001065823653041309
66,0.9992683040321253,0.9998575652964655,-0.000589261264340224
67,0.998366663992102,0.9995692732557777,-0.001202609263675658
68,0.9986532500860466,0.9978381465560514,0.0008151035299951426
69,0.9990730461381345,0.9986433050228284,0.000429741115306137
70,0.9994241508636095,0.9992650849121141,0.00015906595149539626
71,0.9977644390167479,0.9990389837147898,-0.0012745446980418906
72,0.9980363075650835,0.9986701949601572,-0.0006338873950736401
73,0.9978792961174865,0.9999000529585812,-0.0020207568410947063
74,0.9994188373674797,0.9973605854658416,0.0020582519016381084
75,0.9983046964623162,0.9991909244282628,-0.0008862279659466177
76,0.998315346741325,0.9997980734563383,-0.0014827267150132606
77,0.9988246494235903,0.9997135836751254,-0.0008889342515351339
78,0.9993283220250512,0.9997275312607589,-0.00039920923570768707
79,0.9986037627777993,0.9995132185992468,-0.0009094558214475246
80,0.9992101063042325,0.9992537658295955,-4.365952536300455e-05
81,0.9996191843764273,0.9998428473593233,-0.00022366298289600017
82,0.9995474699650775,0.9994663903309708,8.107963410663999e-05
83,0.999170655807107,0.9995584433178701,-0.0003877875107631823
84,0.9986787852167829,0.9991560674856889,-0.00047728226890597636
85,0.99858964506308,0.9998206625038072,-0.001231017440727178
86,0.9989438428655019,0.999660604680174,-0.0007167618146721733
87,0.9993381332498612,0.9998729565268145,-0.0005348232769533112
88,0.9995129424386906,0.997844768589178,0.0016681738495125664
89,0.9982995741597154,0.9995245570230796,-0.0012249828633642545
90,0.9995647347101745,0.9996972489059572,-0.00013251419578275137
91,0.999221016354678,0.9991763436920278,4.467266265018033e-05
92,0.9986792063211527,0.9997474375989834,-0.0010682312778307335
93,0.9987350068455914,0.9993945145417426,-0.0006595076961511959
94,0.9999552743349247,0.99971312268221,0.00024215165271468386
95,0.9990637769363305,0.9993839352418252,-0.0003201583054946999
96,0.9989913383452305,0.9987636490828719,0.0002276892623586102
97,0.9987940542460247,0.9948367526063276,0.003957301639697097
98,0.9997538947464952,0.9969236557512201,0.002830238995275125
99,0.9986966622350948,0.9985158453902477,0.00018081684484705374
100,0.9991028086771054,0.9991589270042779,-5.611832717244969e-05
101,0.9991686915453508,0.9992075064159951,-3.881487064427702e-05
102,0.9994129129698912,0.9994066400205311,6.272949360064395e-06
103,0.9978979442619049,0.9979081663141545,-1.0222052249542202e-05
104,0.9995933851397376,0.9993167611642756,0.00027662397546202033
105,0.9981002852735296,0.9998205651994427,-0.0017202799259131707
106,0.9983668979178144,0.9978752980018376,0.0004915999159768036
107,0.9996662178153699,0.9997320089026901,-6.579108732018835e-05
108,0.9987148954393279,0.9995326644071372,-0.0008177689678092737
109,0.9987872648198843,0.9995600814741159,-0.0007728166542315673
110,0.9992293461067436,0.9994680518956711,-0.00023870578892748462
111,0.99906412869225,0.9989445261462728,0.00011960254597720432
112,0.9993630961667201,0.9991348208391997,0.0002282753275204552
113,0.9982713061594022,0.9992530329580187,-0.0009817267986165223
114,0.9998476565535415,0.9990877105978624,0.0007599459556790755
115,0.9984579337044264,0.9992064906136764,-0.0007485569092500199
116,0.999159571360662,0.9985004244866367,0.0006591468740253514
117,0.9993333112408808,0.9987184068274549,0.0006149044134258208
118,0.998489869756933,0.9995993374368448,-0.0011094676799118242
119,0.9983384260784096,0.9980625854216643,0.00027584065674535196
120,0.9996501903747159,0.9998629655843287,-0.00021277520961282548
121,0.9992702484188208,0.9999399156825799,-0.000669667263759055
122,0.9993302586736117,0.999415384747871,-8.512607425925633e-05
123,0.9982286152631121,0.9972782875588603,0.0009503277042518521
124,0.9989547727607504,0.9977506655540546,0.001204107206695837
125,0.9986443957291701,0.9980123590551895,0.000632036673980596
126,0.9999535613449725,0.9999657274267028,-1.216608173026934e-05
127,0.9996429212961326,0.9955552041571718,0.0040877171389608336
128,0.9994080240854327,0.9997117194452203,-0.00030369535978758133
129,0.9984082261959922,0.9999620323599336,-0.001553806163941407
130,0.999494949938992,0.9993342943359773,0.00016065560301470327
131,0.9989549422959259,0.9997361093878805,-0.0007811670919546376
132,0.9993382311959353,0.9994539245998748,-0.00011569340393946526
133,0.9995697395961052,0.9993872972635405,0.00018244233256470288
134,0.9995230097678647,0.999826668792928,-0.00030365902506335196
135,0.9991755154996314,0.9997058868712623,-0.0005303713716309222
136,0.9998731245525796,0.9988869815778552,0.0009861429747244355
137,0.9988244415503227,0.9995203254932112,-0.0006958839428885533
138,0.9977262447608993,0.9988521452570019,-0.0011259004961026164
139,0.9989168203517265,0.9968053181281677,0.0021115022235587144
140,0.9993704704455687,0.996576395640904,0.002794074804664759
141,0.9993498100035147,0.9996940487003334,-0.00034423869681865504
142,0.9984477849980633,0.998729319739821,-0.0002815347417577385
143,0.9987818006839926,0.9985746898841685,0.00020711079982405067
144,0.998348966876305,0.9992950697912852,-0.0009461029149802069
145,0.9987554382726934,0.9997325812545758,-0.0009771429818823396
146,0.9996010209421803,0.9985901472624303,0.0010108736797499462
147,0.9994769138386326,0.9990834020098331,0.00039351182879943103
148,0.9994114160055495,0.9992674492124938,0.00014396679305572757
149,0.9993154996204859,0.9986388375762809,0.0006766620442050231
150,0.997392762733824,0.9994022400833299,-0.0020094773495058504
151,0.9990633744815287,0.9996450188189411,-0.0005816443374123681
152,0.9988691956696293,0.9996041085377507,-0.0007349128681214401
153,0.999528208908266,0.9999141067494386,-0.00038589784117259995
154,0.9991979430489363,0.999227112509997,-2.9169461060685187e-05
155,0.9994603138130134,0.998879538889264,0.0005807749237494164
156,0.9987708685146773,0.9988237538405293,-5.288532585201455e-05
157,0.9991173818958738,0.9980878786709568,0.0010295032249170166
158,0.9982233943451783,0.9980710861011132,0.00015230824406509136
159,0.9994345985639026,0.9994950500495197,-6.045148561706348e-05
160,0.9983547103930341,0.9999571517307846,-0.0016024413377504487
161,0.9993784649020935,0.9996558950650997,-0.00027743016300618706
162,0.9991430910112166,0.9992751987983424,-0.0001321077871258014
163,0.9987935904805799,0.9996533775113462,-0.0008597870307662792
164,0.9989322671355136,0.9997012840926626,-0.0007690169571489269
165,0.9982088019867955,0.9984891019478341,-0.0002802999610386214
166,0.9990443033282236,0.9997732613819899,-0.000728958053766271
167,0.9993709174421717,0.9998793965281434,-0.0005084790859717359
168,0.998415698189935,0.9992559605275374,-0.000840262337602371
169,0.9996895015613213,0.9985403218943361,0.001149179666985245
170,0.999213396244536,0.9982172186486835,0.0009961775958524655
171,0.9990266154789358,0.9982549623247483,0.0007716531541874794
172,0.9991970472802816,0.9993780213769572,-0.00018097409667561237
173,0.9991819305417862,0.9993808319875399,-0.0001989014457537408
174,0.999333046560727,0.99827894446436,0.0010541020963669157
175,0.9988530441112804,0.999074899663543,-0.00022185555226261755
176,0.9987793661255416,0.9988770393312061,-9.767320566445026e-05
177,0.9990737885709102,0.998048685253812,0.0010251033170982637
178,0.9983195906239573,0.9979935247446629,0.00032606587929440156
179,0.9990876991339772,0.9987259800939368,0.0003617190400404535
180,0.9993658889936047,0.9995351168212814,-0.00016922782767669897
181,0.9993794353492036,0.9997252260576434,-0.0003457907084397638
182,0.9985931359653019,0.9991463868921041,-0.0005532509268022512
183,0.9994112228937618,0.9991245997373268,0.00028662315643501746
184,0.9984648433896243,0.9976405124339836,0.0008243309556407175
185,0.9994864017782328,0.9987369137115122,0.0007494880667205939
186,0.9987428795337696,0.9990906410389582,-0.00034776150518855964
187,0.999306384768885,0.9990333360730317,0.00027304869585331737
188,0.9996538719905066,0.9999807677763317,-0.0003268957858251209
189,0.9987949502334137,0.9974944182156623,0.0013005320177513768
190,0.9988019884525211,0.9998018015079485,-0.000999813055427401
191,0.9982921619052042,0.9999652172416417,-0.0016730553364374678
192,0.9992172582698184,0.9991618476760649,5.541059375357982e-05
193,0.9984337117760814,0.9997545247513747,-0.0013208129752932951
194,0.9996842450993337,0.9981785156601194,0.0015057294392143428
195,0.9990408256830922,0.9999480216231567,-0.000907195940064498
196,0.9990632309071404,0.999195684065973,-0.00013245315883259057
197,0.9983021740066802,0.998099189958389,0.00020298404829122152
198,0.9987393690366779,0.9985854080458604,0.00015396099081754766
199,0.998868602306616,0.9985995660798335,0.00026903622678253747
200,0.9986376169691009,0.9999172521297623,-0.0012796351606614298
201,0.9995493976300498,0.9995666591751098,-1.7261545059987782e-05
202,0.9983379857297692,0.9994952301409672,-0.0011572444111980218
203,0.999145834006818,0.9984572190838774,0.0006886149229405891
204,0.9982028598956567,0.9985179533320689,-0.0003150934364122282
205,0.9989871763667937,0.998156335264653,0.0008308411021407114
206,0.9985775175114058,0.9988636967760282,-0.0002861792646223771
207,0.9983101987210357,0.9982128657176328,9.733300340286632e-05
208,0.9988040660277939,0.9995144396987061,-0.000710373670912201
209,0.9993798626017705,0.9972918667348182,0.002087995866952297
210,0.9990537237457566,0.9995617133492343,-0.0005079896034776432
211,0.9994049601815373,0.9993310868717754,7.38733097619404e-05
212,0.9992405676168219,0.9994750605114693,-0.00023449289464738676
213,0.9989229571502619,0.999787933733904,-0.0008649765836420409
214,0.998947317845806,0.9995104459223728,-0.0005631280765667768
215,0.9997345707572227,0.9996532826146018,8.128814262087225e-05
216,0.9995499918320645,0.9998067939965305,-0.0002568021644659968
217,0.9996414469413433,0.9992414756422296,0.0003999712991136217
218,0.9988713338032098,0.9990881200395203,-0.00021678623631049554
219,0.9984558772506288,0.9983581647545632,9.771249606560506e-05
220,0.9990256692731934,0.9990896624967716,-6.399322357819592e-05
221,0.9992467068345042,0.9990001797835335,0.000246527050970724
222,0.9987062522425826,0.9990342248667454,-0.00032797262416284223
223,0.9990749011251969,0.9971905559076847,0.00188434521751224
224,0.9994945140037206,0.9986759503930724,0.0008185636106481375
225,0.9992570018048641,0.9999148686924438,-0.0006578668875797389
226,0.9991762183870374,0.999957256235339,-0.0007810378483016356
227,0.9985119670649022,0.9972386362731132,0.0012733307917890402
228,0.9990780350608861,0.998828972489342,0.00024906257154411193
229,0.9984898273893867,0.9998495755145954,-0.0013597481252086707
230,0.9987248078055643,0.9999082010793287,-0.001183393273764377
231,0.9980839501783939,0.9995996619917027,-0.0015157118133087844
232,0.9989000941173902,0.9974608103560919,0.0014392837612983156
233,0.9994555443533435,0.9997824814036422,-0.00032693705029873676
234,0.999581577433381,0.999226280264378,0.00035529716900306596
235,0.9994024329903315,0.9978728357716831,0.0015295972186484263
236,0.9993252769921446,0.9993627512577093,-3.747426556477418e-05
237,0.9992162081726158,0.999848800706773,-0.0006325925341571503
238,0.9983059427244453,0.99756891512956,0.0007370275948852534
239,0.9988356917723795,0.9987376342779455,9.8057494434034e-05
240,0.9995543664963905,0.9987214278507781,0.0008329386456124022
241,0.9990683939149436,0.999815602363466,-0.0007472084485223851
242,0.9995725057428211,0.9996703968189403,-9.789107611923864e-05
243,0.999218623584849,0.999577366617945,-0.0003587430330960206
244,0.9990428528638613,0.9992125315349529,-0.00016967867109163315
245,0.9993958495966442,0.9999682672420257,-0.0005724176453815177
246,0.9995110452934741,0.999555986071164,-4.4940777689905786e-05
247,0.9990174866306946,0.9993083871119948,-0.00029090048130020474
248,0.9991437977643414,0.9996693245775754,-0.000525526813234034
249,0.999329593693373,0.9986894668360478,0.000640126857325285
250,0.99900788004063,0.9997977971153184,-0.0007899170746883399
251,0.9972959301605359,0.9981964857278921,-0.0009005555673562426
252,0.9983011094034153,0.9996500738245176,-0.0013489644211023277
253,0.9994940951893044,0.9997907161869986,-0.0002966209976941192
254,0.9996230055626737,0.9997989816238326,-0.00017597606115893338
255,0.9991892256318405,0.9983506144212321,0.0008386112106084642
256,0.9991557142774862,0.9997182451701211,-0.000562530892634916
257,0.9990731867239673,0.9974724142999256,0.0016007724240416632
258,0.9991219521487054,0.9994751593600113,-0.00035320721130593924
259,0.9992798031971317,0.9978223024451438,0.0014575007519879168
260,0.9978105559151598,0.999438902861423,-0.0016283469462632372
261,0.9979961747987908,0.9985908053100303,-0.0005946305112395356
262,0.9994477516838703,0.9973465173638523,0.002101234320018075
263,0.998746803607523,0.998929098583674,-0.00018229497615096513
264,0.9995052316136972,0.9983367360488791,0.0011684955648181283
265,0.9992728620815474,0.9976134624205196,0.001659399661027794
266,0.9998008526311046,0.9995834184220997,0.0002174342090048853
267,0.9995849285414202,0.9987340077460525,0.0008509207953677489
268,0.9993840138668433,0.9994365877741653,-5.257390732205103e-05
269,0.9996605642114529,0.9993326685039515,0.00032789570750135777
270,0.9989621492308405,0.9998142791464548,-0.0008521299156143414
271,0.9992159776226841,0.9977317913301389,0.0014841862925452087
272,0.9993744523783519,0.9997010190072531,-0.0003265666289011815
273,0.998009000041542,0.9996466350638904,-0.0016376350223483715
274,0.998752842383465,0.9995621476968468,-0.0008093053133818584
275,0.9978310312606027,0.9999209541550508,-0.002089922894448093
276,0.9998243094106818,0.9999296677325905,-0.00010535832190872174
277,0.9992581431892414,0.9989782436271112,0.00027989956213025913
278,0.9993456689312121,0.9995683001018221,-0.00022263117060994375
279,0.9987997166625133,0.9994379161167453,-0.0006381994542319358
280,0.9991176750159443,0.9988396692527237,0.0002780057632205679
281,0.9989229623175024,0.9989569256631594,-3.396334565697323e-05
282,0.9993041411543964,0.9998765904914839,-0.000572449337087555
283,0.9984816418172111,0.9993128312314865,-0.0008311894142754017
284,0.9987574691926028,0.999763068005675,-0.0010055988130722726
285,0.9995890263367158,0.9998939763559558,-0.0003049500192400245
286,0.9992185730314398,0.9986967549506223,0.0005218180808175266
287,0.9990490965692549,0.9975499000628656,0.0014991965063892998
288,0.999300975604984,0.9978451700024693,0.0014558056025146815
289,0.9993932751759078,0.9993446046349702,4.8670540937600926e-05
290,0.9990329439674459,0.9998053108723454,-0.0007723669048994575
291,0.9992066020670856,0.9998858082575758,-0.0006792061904902225
292,0.9987258441983733,0.9995038766679163,-0.0007780324695429996
293,0.9985194225736405,0.9978345585881646,0.0006848639854758476
294,0.9994221929716457,0.9992619891735043,0.00016020379814141172
295,0.9987354078226263,0.999659928026231,-0.0009245202036047839
296,0.9986594525202055,0.9985392830749116,0.00012016944529391616
297,0.9985303625703472,0.9994185234314046,-0.0008881608610573632
298,0.9984522092723234,0.9991780136360988,-0.0007258043637754508
299,0.9977097788620646,0.9996701495844126,-0.001960370722348004
300,0.9994488764812308,0.9994020798726672,4.6796608563659525e-05
301,0.999304613104153,0.9993070274504687,-2.4143463157599854e-06
302,0.9995330269596562,0.9997940953352078,-0.00026106837555162077
303,0.9992771517774823,0.9992903822458795,-1.3230468397185113e-05
304,0.999463136539334,0.9999524042537014,-0.000489267714367303
305,0.9998635624921871,0.998958286386465,0.0009052761057221081
306,0.9993331324375313,0.999143310363988,0.00018982207354334424
307,0.9989717786614978,0.9991230050281386,-0.0001512263666407776
308,0.9980819704086432,0.9988275370793671,-0.0007455666707238962
309,0.9991625074162471,0.9989236030011233,0.00023890441512386396
310,0.9989877588666338,0.9986391681632987,0.00034859070333514985
311,0.9994426520026483,0.9998289273659691,-0.00038627536332080936
312,0.9992119464018326,0.9993627696924702,-0.0001508232906375362
313,0.9988989916968645,0.9987393853773319,0.0001596063195326014
314,0.9984548896810508,0.9983487534121973,0.00010613626885347394
315,0.9990486909315405,0.99977402470135,-0.0007253337698095441
316,0.9993423555505455,0.9988528349276413,0.0004895206229041937
317,0.999641541133409,0.9998776518026653,-0.00023611066925632862
318,0.999611537157823,0.9993119815496354,0.0002995556081876183
319,0.9993764282431201,0.9994687252157421,-9.229697262203018e-05
320,0.9996078926745557,0.9991989775468653,0.000408915127690479
321,0.9987849086277008,0.999774716650673,-0.0009898080229722162
322,0.9995430452340703,0.9998146686740323,-0.0002716234399620099
323,0.99789212544356,0.9993501305113135,-0.0014580050677535095
324,0.9989795893278501,0.998066969241066,0.0009126200867841661
325,0.9986000060858051,0.9994108702101535,-0.0008108641243483872
326,0.9982668860025448,0.9975780450113736,0.000688840991171169
327,0.9986659589045658,0.9988797930536274,-0.00021383414906162024
328,0.9984146800328211,0.9991208128903808,-0.0007061328575597159
329,0.999675891781302,0.9983016319172057,0.0013742598640963388
330,0.9974360418937018,0.9996531523362508,-0.0022171104425490196
331,0.9987068441023859,0.9990905085189212,-0.00038366441653536754
332,0.9985301764386124,0.9999225769331204,-0.0013924004945079504
333,0.9992658234557459,0.9978973212851879,0.0013685021705579503
334,0.9992399099050362,0.9990136431775437,0.00022626672749248566
335,0.9984678428447784,0.9974220783688791,0.0010457644758993245
336,0.9986872860720825,0.9999098432315024,-0.0012225571594199902
337,0.9985034389250742,0.9995552206220958,-0.001051781697021581
338,0.999022706158229,0.9995653856146236,-0.0005426794563946347
339,0.9989446772027639,0.9988334012269708,0.00011127597579307924
340,0.99949019219587,0.9986400143307264,0.0008501778651436309
341,0.9980247167343407,0.9997156178293733,-0.0016909010950326708
342,0.9990271348553428,0.9995658725142371,-0.0005387376588943393
343,0.9985007789305482,0.9997106753311502,-0.0012098964006019841
344,0.9994494004602363,0.9990700635385629,0.00037933692167346766
345,0.9995261266743101,0.9991051436998022,0.00042098297450787747
346,0.998888571335208,0.998483612822094,0.00040495851311406206
347,0.9989922610379018,0.9996020662379258,-0.0006098052000239607
348,0.9995984765133392,0.9989237680545782,0.000674708458761053
349,0.9990028901461656,0.9994875494703619,-0.00048465932419627933
350,0.9988735143750064,0.9994667924755198,-0.0005932781005134613
351,0.9995464805974945,0.9980953785379859,0.0014511020595086022
352,0.9982419037594503,0.999044191577629,-0.0008022878181787041
353,0.9986063465962445,0.9992021817811905,-0.000595835184945992
354,0.9992558294176808,0.9992362586805149,1.957073716585267e-05
355,0.999038539663228,0.9996529225689296,-0.0006143829057015937
356,0.9994669662560377,0.9990272837580247,0.000439682498012961
357,0.9992069478161941,0.9983243008361928,0.0008826469800012893
358,0.9997008146853187,0.9997666232090789,-6.580852376025792e-05
359,0.999387245243674,0.9996935411154129,-0.00030629587173891526
360,0.998777991589017,0.9994479697312959,-0.0006699781422788709
361,0.9988707592542914,0.998871132703603,-3.734493115858939e-07
362,0.9994181726914301,0.9988432510476994,0.0005749216437306304
363,0.998837338889515,0.9996119323208197,-0.0007745934313047043
364,0.9984766604412944,0.9989295281785981,-0.00045286773730379704
365,0.9994693456555024,0.9991341255028421,0.00033522015266029825
366,0.9968769220878736,0.999716032569099,-0.0028391104812254264
367,0.9991527218598037,0.9985033595980687,0.0006493622617350647
368,0.9987248439094327,0.998352931363995,0.0003719125454376693
369,0.9993059302103529,0.9998161380737003,-0.0005102078633474338
370,0.9972963633633625,0.9959872569469457,0.0013091064164167943
371,0.9991170702137856,0.9995851634665662,-0.0004680932527806325
372,0.9981204049735224,0.9998929301571,-0.0017725251835776223
373,0.9993761384416252,0.9998952481869252,-0.000519109745300006
374,0.9994187462699617,0.9990638368545688,0.0003549094153929566
375,0.9991233280368815,0.9992835170516523,-0.00016018901477077296
376,0.9992190830204779,0.9985464366825335,0.0006726463379443937
377,0.9998643656205761,0.9990197038103708,0.0008446618102053716
378,0.9993870026511447,0.99971553512467,-0.00032853247352537807
379,0.9991000625257274,0.9986805033086348,0.00041955921709257993
380,0.99977471640791,0.9995448266933866,0.00022988971452342355
381,0.9980156952644794,0.9993667683276743,-0.0013510730631949297
382,0.9989785942427166,0.9989955248863374,-1.6930643620738373e-05
383,0.9981794201157471,0.999390347680809,-0.0012109275650619145
384,0.9991172681219562,0.999627890911824,-0.0005106227898677984
385,0.9988182706661728,0.9999289380529414,-0.0011106673867685712
386,0.998828539055414,0.9984414707302249,0.0003870683251890883
387,0.9991959308268828,0.998858612526413,0.0003373183004699021
388,0.9991812103909253,0.9999077442654625,-0.0007265338745371386
389,0.9999458285014557,0.9999509368091699,-5.108307714163374e-06
390,0.9988538183671749,0.99805486705784,0.0007989513093349387
391,0.9991196847597055,0.9984271775094508,0.0006925072502547147
392,0.9996428289571228,0.999363178740845,0.0002796502162777381
393,0.9986840447525671,0.9981331554515938,0.0005508893009733562
394,0.9991149943894897,0.9997583429826155,-0.0006433485931257588
395,0.999359086027451,0.9981896086400772,0.0011694773873738296
396,0.9991439583638981,0.9998394078006668,-0.0006954494367686914
397,0.9994642138896389,0.9989441059752202,0.0005201079144186993
398,0.9994589189315735,0.999752560820249,-0.0002936418886755332
399,0.9993955094846589,0.9975191164317527,0.0018763930529062112
400,0.9981496956816956,0.998384984479763,-0.0002352887980673346
401,0.999065839034577,0.9978626398481923,0.0012031991863846736
402,0.9993733538752595,0.9993178827342313,5.547114102821826e-05
403,0.9994526752854482,0.9984362985081043,0.001016376777343897
404,0.99991738596381,0.9998730056086551,4.4380355154860496e-05
405,0.9990741119889839,0.9996132897069832,-0.0005391777179992729
406,0.998087692369958,0.9990621312368009,-0.0009744388668428972
407,0.9989663954488778,0.9996196722823372,-0.000653276833459393
408,0.9987865113087628,0.9990151217513157,-0.00022861044255284568
409,0.9992168149648835,0.9983124439074675,0.0009043710574159203
410,0.9992868851541763,0.9991354026293523,0.00015148252482399815
411,0.9988922070168434,0.9993217171433277,-0.0004295101264842893
412,0.9994793707697358,0.9981416556291024,0.001337715140633411
413,0.9991594531295933,0.998532718618683,0.0006267345109103317
414,0.9998876260624201,0.9992347664319017,0.0006528596305184209
415,0.9990676652354348,0.9995191420485923,-0.000451476813157492
416,0.9989873910789934,0.9992332431293149,-0.0002458520503215711
417,0.9990654364532511,0.9989848314898911,8.06049633599315e-05
418,0.9985882455605948,0.9992736860976428,-0.0006854405370479988
419,0.9980069702837406,0.9993864198371321,-0.0013794495533914208
420,0.9989688008322767,0.9997302733698733,-0.0007614725375966191
421,0.9998154168376578,0.9989835028891147,0.0008319139485430949
422,0.9994387570512417,0.997839981069672,0.0015987759815697666
423,0.9992916199320706,0.9997870107176012,-0.000495390785530625
424,0.9990825556348703,0.9956913548830696,0.0033912007518006604
425,0.9993282442547353,0.9978706847377862,0.0014575595169491473
426,0.999291627025537,0.9986723298276049,0.0006192971979320783
427,0.9998584680289808,0.9991800827486517,0.0006783852803291524
428,0.9996975071794477,0.9972114554055516,0.0024860517738961585
429,0.9984785594640103,0.9997817155356158,-0.0013031560716054713
430,0.9992803394864214,0.998060871566877,0.0012194679195444147
431,0.9988311597007447,0.9989828205401757,-0.0001516608394310781
432,0.9990973051933894,0.9994653256095938,-0.0003680204162044287
433,0.9994910012180898,0.9969668677941563,0.002524133423933428
434,0.999427835805731,0.9999547920439831,-0.0005269562382520521
435,0.9993932131652603,0.9995151904749211,-0.00012197730966079234
436,0.9988514402145917,0.999553222871996,-0.0007017826574042818
437,0.9990475093858864,0.9984893113745917,0.0005581980112946416
438,0.9995684645043228,0.9970254152618223,0.0025430492425004836
439,0.997988034661516,0.9982024031914152,-0.0002143685298992004
440,0.9998404378465711,0.9983818333638687,0.001458604482702408
441,0.9991672138500578,0.9995061080911911,-0.000338894241133314
442,0.9988547877735515,0.9997391148255477,-0.0008843270519961477
443,0.9984498474239472,0.9999583156119378,-0.0015084681879906636
444,0.9991333942982925,0.99974917362342,-0.0006157793251274635
445,0.9990685395165828,0.9992414415716739,-0.00017290205509112866
446,0.9990163365502086,0.9967581192913288,0.0022582172588797578
447,0.9996833528972987,0.9988562772455637,0.0008270756517350097
448,0.9994290773346197,0.9991968172021015,0.00023226013251820277
449,0.9987420058754335,0.9999296819010403,-0.0011876760256067653
450,0.9991804826422136,0.9993552023628753,-0.00017471972066174235
451,0.9989477665882727,0.9988806462640678,6.712032420486125e-05
452,0.998794672129813,0.9994286504467188,-0.0006339783169058144
453,0.9978811067612434,0.9995476284590041,-0.0016665216977607145
454,0.9994979145175077,0.999360083294066,0.00013783122344168675
455,0.9983237255483561,0.999779170709683,-0.001455445161326896
456,0.999125576791414,0.9996617424053811,-0.0005361656139670767
457,0.9991491342234606,0.9989367529749771,0.00021238124848355078
458,0.9992313762412928,0.999778650850691,-0.0005472746093981851
459,0.999355907771827,0.9991281440726228,0.0002277636992041865
460,0.9999459502461381,0.9996223914653739,0.0003235587807641771
461,0.9998847253580092,0.9996150091251885,0.0002697162328206826
462,0.9999209932314302,0.9964967886242252,0.0034242046072050503
463,0.9992294252740883,0.9975113681721409,0.00171805710194739
464,0.9984333390718341,0.9986519834923716,-0.0002186444205375393
465,0.9996694776401546,0.9995093435205141,0.00016013411964044266
466,0.9989998368039055,0.9972518819481443,0.0017479548557611801
467,0.999300817304385,0.9993214275812097,-2.0610276824650775e-05
468,0.9993203216523335,0.9998529143410841,-0.0005325926887506105
469,0.9983020213607279,0.9985059838999198,-0.00020396253919197083
470,0.9996435420523871,0.9990578400917745,0.0005857019606126945
471,0.9987752271584422,0.9997757481868896,-0.0010005210284473876
472,0.9990121835067876,0.9996334011035041,-0.0006212175967165168
473,0.9980871555749704,0.9991516863638246,-0.0010645307888541566
474,0.9990539638819333,0.9992567596948192,-0.00020279581288584758
475,0.9991686253016167,0.9995637490782183,-0.0003951237766016691
476,0.9991971738610432,0.9990173581052251,0.0001798157558181579
477,0.9989621709532778,0.9991201780257721,-0.0001580070724943594
478,0.998716851973664,0.9974949701912164,0.0012218817824476425
479,0.9992018108769702,0.9986448837162457,0.0005569271607245296
480,0.9992361430389707,0.998268390446339,0.0009677525926317099
481,0.9998899634209775,0.9975724374183357,0.00231752600264179
482,0.9993440124193402,0.9993021905798167,4.182183952350371e-05
483,0.9989255397689106,0.9990834432779614,-0.00015790350905076078
484,0.9988743775463764,0.996706096884663,0.002168280661713373
485,0.9995555728421701,0.9992843071576796,0.00027126568449054034
486,0.9990228226155031,0.9996415151839568,-0.0006186925684537048
487,0.9995279925579228,0.9993035186532218,0.00022447390470103912
488,0.9989376336348932,0.999825743422221,-0.0008881097873277843
489,0.999458188276015,0.9999246009376529,-0.00046641266163793826
490,0.9996395241905106,0.9996588080725126,-1.9283882002008035e-05
491,0.9987026769466326,0.9986396670721689,6.300987446372641e-05
492,0.9994387361978345,0.9986270252555395,0.0008117109422950408
493,0.9998511970045687,0.9987835704550037,0.0010676265495650483
494,0.9991338725662491,0.9994966837458072,-0.00036281117955816455
495,0.9988306870673809,0.999183709797342,-0.0003530227299610722
496,0.9991078716813475,0.9992898151114906,-0.00018194343014310554
497,0.9985819148392139,0.9990850200583634,-0.0005031052191495355
498,0.9990391124438331,0.9993238797950814,-0.0002847673512482718
499,0.9989409787595517,0.9977394749283297,0.0012015038312219728
500,0.9997369073979638,0.9999234229471494,-0.0001865155491855841
501,0.9985546854794596,0.9993750265149182,-0.0008203410354585827
502,0.9993336047211003,0.999967717448208,-0.0006341127271076719
503,0.998899104383136,0.9990523186161552,-0.00015321423301917214
504,0.9994810469233871,0.9987853156521023,0.0006957312712848607
505,0.9990737942137419,0.9972708590087802,0.0018029352049616643
506,0.9994807108659504,0.9994458131805974,3.489768535291926e-05
507,0.9995542095728636,0.9996275140179162,-7.330444505260214e-05
508,0.9991168728504493,0.999058081518371,5.879133207820075e-05
509,0.999078731289152,0.9996310545143597,-0.000552323225207707
510,0.9998602405793736,0.9981447149850912,0.001715525594282452
511,0.9981612878562001,0.9997697330580511,-0.0016084452018509943
512,0.9989434300941114,0.9997437768798255,-0.0008003467857141677
513,0.9996913256785087,0.996860456933341,0.0028308687451676917
514,0.9987457183364421,0.9998532090666752,-0.001107490730233085
515,0.9992428329791221,0.9977789501682772,0.0014638828108448632
516,0.9991405585914424,0.9985803342820535,0.0005602243093888459
517,0.9991611209498107,0.9983745041122175,0.0007866168375931792
518,0.9990872882498775,0.9994428899334307,-0.0003556016835531972
519,0.999449504428389,0.9987557958887029,0.0006937085396860887
520,0.998826666307987,0.9973757136480017,0.001450952659985294
521,0.9969220472433289,0.9985711266978197,-0.001649079454490776
522,0.9985572112444425,0.9998906943968111,-0.0013334831523685864
523,0.9990222383036483,0.9989033011490418,0.00011893715460653542
524,0.9998079534040407,0.9987123914992568,0.0010955619047838816
525,0.9988866425820677,0.998400800669021,0.0004858419130466807
526,0.9996782487712279,0.9995771715958486,0.00010107717537932714
527,0.9996447727659672,0.9998701355042404,-0.00022536273827322706
528,0.9995121863469212,0.9994627165818857,4.94697650355036e-05
529,0.998949821852824,0.9996306398402776,-0.0006808179874535636
530,0.998837018313351,0.9997370510087,-0.0009000326953489957
531,0.9992615233772791,0.994050222028785,0.005211301348494124
532,0.9985283922307979,0.9998540454982183,-0.0013256532674204013
533,0.9988861580909846,0.9967192742960025,0.0021668837949820885
534,0.9979051767854827,0.9985763224326192,-0.0006711456471364396
535,0.9990510492046257,0.9992090514785201,-0.00015800227389439758
536,0.9982433345425474,0.9977547382054377,0.0004885963371097368
537,0.9992950103264813,0.9998142640243206,-0.0005192536978393392
538,0.9974529234461642,0.999666823787755,-0.0022139003415907466
539,0.9986990321609983,0.9994340597476252,-0.0007350275866269129
540,0.99878288672355,0.9996620349760397,-0.0008791482524896921
541,0.9979493238131752,0.9994187941654467,-0.001469470352271407
542,0.9988262185351701,0.9973182462347121,0.0015079723004579604
543,0.9983924320669649,0.9980463589888666,0.0003460730780983079
544,0.9987330585957147,0.9989091233518559,-0.000176064756141181
545,0.9990373272357983,0.999752241290873,-0.0007149140550747335
546,0.9995246682979149,0.9987333576586133,0.0007913106393016012
547,0.9993254401816294,0.9983619193771349,0.0009635208044944665
548,0.9982092385728102,0.9987146860914528,-0.0005054475186425655
549,0.999226813482502,0.9994748933538297,-0.00024807987132768883
550,0.9985993683506926,0.9997017336142925,-0.0011023652635998582
551,0.999228201847961,0.9994456442127942,-0.00021744236483323132
552,0.9993228545130882,0.999358517441124,-3.566292803580673e-05
553,0.9994946452698537,0.9991232517069337,0.00037139356291993053
554,0.9988290487311589,0.9993246713211541,-0.0004956225899952482
555,0.9991262419112026,0.9998229178429681,-0.000696675931765478
556,0.9985214781002827,0.9980410155849306,0.00048046251535205364
557,0.9992182240700487,0.9995564613867078,-0.00033823731665916235
558,0.9993516562223543,0.999149507492022,0.00020214873033230774
559,0.9991943988142038,0.9996607332108525,-0.00046633439664867105
560,0.9993517371996112,0.9999724444276865,-0.000620707228075279
561,0.999356788646084,0.9995281496580342,-0.00017136101195014408
562,0.9995456574422124,0.9996117416140662,-6.608417185383075e-05
563,0.9998034462081296,0.9994127395541734,0.0003907066539561299
564,0.999448388871738,0.9994544762946544,-6.087422916412066e-06
565,0.9995955009906199,0.9996111373097142,-1.5636319094292084e-05
566,0.9992787840802497,0.9992930856861699,-1.4301605920197247e-05
567,0.998736776101856,0.9993312001535058,-0.0005944240516498889
568,0.9989076814222282,0.9986385675020444,0.00026911392018380553
569,0.9996158260549297,0.9954703496713808,0.004145476383548896
570,0.9983292909110824,0.9991462495239811,-0.000816958612898766
571,0.9992639067361863,0.9997239628580219,-0.00046005612183563915
572,0.9982149281676531,0.9997214288013005,-0.001506500633647434
573,0.9993856769575328,0.9989685211409534,0.0004171558165794176
574,0.9985614746493443,0.9992642322834729,-0.0007027576341286368
575,0.9995440132891247,0.9992335453697148,0.000310467919409918
576,0.9994973599078636,0.9998761794582747,-0.0003788195504110803
577,0.9989271902057439,0.9995098546263576,-0.00058266442061361
578,0.9996090733211271,0.9982872620210443,0.001321811300082798
579,0.9992302488679737,0.9982418541624795,0.0009883947054942777
580,0.9992848685570075,0.9983197186704039,0.0009651498866035668
581,0.9988139936224771,0.9978344083024087,0.0009795853200684768
582,0.9990923254495437,0.9983054599241242,0.0007868655254195112
583,0.9995116274827563,0.999819164491111,-0.00030753700835461917
584,0.9997326424020374,0.998792055334569,0.000940587067468357
585,0.9995950176525319,0.9998223718187313,-0.00022735416619945603
586,0.9996374534688579,0.9986503314961197,0.000987121972738203
587,0.9993158765006849,0.9998371221613186,-0.0005212456606337179
588,0.9992135509083093,0.999264895558563,-5.134465025369295e-05
589,0.9990350918555049,0.9986271916503591,0.00040790020514580583
590,0.9987473157484051,0.9977900382791327,0.0009572774692724328
591,0.9984283992172334,0.9988340455617171,-0.00040564634448370107
592,0.998527480651032,0.9943321995908064,0.0041952810602255974
593,0.9985180380170643,0.9995325336682221,-0.001014495651157854
594,0.9993643784118618,0.999883204959932,-0.0005188265480702281
595,0.9994005971283335,0.9999628135580931,-0.000562216429759621
596,0.9994081137449413,0.9992393572014687,0.0001687565434725924
597,0.9997039665647184,0.9992675369891337,0.00043642957558465145
598,0.9991923288735592,0.99958617144397,-0.00039384257041075177
599,0.9988389272953053,0.9996842374479538,-0.0008453101526484375
600,0.9980153835564283,0.9986374863089146,-0.0006221027524863088
601,0.9988965670732528,0.999871598785993,-0.0009750317127401598
602,0.9995932646859458,0.9994166117749375,0.0001766529110083237
603,0.9989640484972812,0.996665104987608,0.0022989435096731903
604,0.9996669734462158,0.9995074508968171,0.00015952254939866073
605,0.9990415136928165,0.9996035712093826,-0.0005620575165661279
606,0.9997816560851791,0.9997680555590074,1.3600526171719807e-05
607,0.9995912933369111,0.9997206598283088,-0.00012936649139771994
608,0.9992271460629034,0.99884120624341,0.0003859398194934194
609,0.998924227058004,0.9963453930864837,0.0025788339715202557
610,0.99949796484943,0.9993721190520711,0.00012584579735885892
611,0.9994515903678305,0.9992486020576914,0.00020298831013909613
612,0.9992294785342191,0.9980772709580921,0.0011522075761269956
613,0.9989180204106642,0.9993490018727127,-0.000430981462048452
614,0.9977519285388659,0.9993707150570172,-0.0016187865181513938
615,0.9986782588067691,0.9995675506325633,-0.0008892918257942251
616,0.9989247683735891,0.9995731802255381,-0.0006484118519489712
617,0.9993002144029665,0.999676212351255,-0.0003759979482885756
618,0.9990239027631073,0.9993179604162072,-0.0002940576530999772
619,0.9986736263722575,0.998744019110642,-7.039273838449489e-05
620,0.9988130119546008,0.994338564318066,0.004474447636534817
621,0.999526571894323,0.9987672177401029,0.0007593541542201265
622,0.9995320667517404,0.996861492924608,0.0026705738271324275
623,0.9997575900642479,0.9939418657543849,0.005815724309862991
624,0.9995186102066542,0.9979784930114868,0.0015401171951674453
625,0.9994387976319113,0.9977453144927005,0.0016934831392108052
626,0.9992596222216211,0.9992733295841489,-1.3707362527815015e-05
627,0.9989002806484806,0.9997886345377809,-0.0008883538893003085
628,0.999510710239437,0.9980462694801957,0.0014644407592413478
629,0.9986361766235274,0.9989079432625989,-0.00027176663907146903
630,0.9990640656853629,0.999856840552957,-0.0007927748675941038
631,0.9981386706502269,0.9993348139715781,-0.0011961433213512063
632,0.9995626725698965,0.9987531425794213,0.0008095299904752329
633,0.9994894599023507,0.9992439730594211,0.00024548684292957645
634,0.9988621050065619,0.9982543316175145,0.0006077733890473835
635,0.9990452227890387,0.9997993376219354,-0.0007541148328966685
636,0.9993720836503002,0.9987330371042833,0.0006390465460168748
637,0.9988036897468242,0.9995611198667032,-0.0007574301198789435
638,0.9996504139698106,0.9981388513203759,0.001511562649434639
639,0.9982095733724377,0.999523434010259,-0.0013138606378213513
640,0.9995384154458121,0.999171127878595,0.00036728756721715605
641,0.9987719829988221,0.9955940156284971,0.003177967370324941
642,0.9983019424195227,0.9995171341008994,-0.0012151916813766261
643,0.9994598597796933,0.9985586993104429,0.0009011604692503727
644,0.9985439207231203,0.9997614063983519,-0.001217485675231611
645,0.999622338166832,0.9996357583919591,-1.3420225127069862e-05
646,0.9983568793126922,0.9993793285472854,-0.001022449234593159
647,0.9995465747039118,0.9996434923627735,-9.691765886166159e-05
648,0.9993466262411708,0.998550458475329,0.0007961677658417932
649,0.9993501843726096,0.9999835405474545,-0.0006333561748449457
650,0.9984165939562353,0.9990175842629608,-0.0006009903067255573
651,0.9992844534102133,0.9994460445524751,-0.0001615911422617744
652,0.9991472674887798,0.9986023737652066,0.0005448937235732476
653,0.9988665349532692,0.9996492834739162,-0.0007827485206470808
654,0.9987443238532994,0.9983775243653983,0.00036679948790108163
655,0.9993559997353992,0.9982352335929496,0.001120766142449603
656,0.9985592843019035,0.9996238524925971,-0.00106456819069356
657,0.9990647963033725,0.9980481908179162,0.0010166054854563455
658,0.9999962749310527,0.9983636297360127,0.0016326451950400278
659,0.9991241828166998,0.9995180493684773,-0.00039386655177753305
660,0.9989728428541521,0.99962047456069,-0.0006476317065379211
661,0.9990644923148313,0.9996902887274586,-0.0006257964126272775
662,0.9993249913452378,0.9982964709000712,0.0010285204451665475
663,0.9996489784413516,0.9996374873578597,1.1491083491854681e-05
664,0.9991257037563511,0.9968142497123474,0.00231145404400368
665,0.9996404773546417,0.9991886905916536,0.0004517867629880712
666,0.9995674599375393,0.9987079315867575,0.0008595283507817353
667,0.9993951849404215,0.9996940093932671,-0.0002988244528456807
668,0.9992959489428235,0.9946186302831739,0.004677318659649599
669,0.9999229012242397,0.9994032720160592,0.0005196292081804943
670,0.9997493066655192,0.9998415357063482,-9.222904082895056e-05
671,0.999824491172459,0.9996926210733412,0.00013187009911774794
672,0.9993449624579485,0.9979957464395889,0.001349216018359578
673,0.9997255867748545,0.998983512882065,0.0007420738927894632
674,0.9990454746221191,0.9991912686261475,-0.00014579400402836562
675,0.9989823839983323,0.9981893798431751,0.000793004155157151
676,0.9988856827426369,0.9995232843063071,-0.0006376015636702093
677,0.9979915653874223,0.9981292451692402,-0.00013767978181788987
678,0.9984710387258495,0.9995236977509531,-0.0010526590251035417
679,0.9990433645245256,0.9994844065566048,-0.00044104203207917525
680,0.9994809604023347,0.999641172154494,-0.0001602117521593005
681,0.9987718540498975,0.999439491985566,-0.0006676379356684858
682,0.9987693087422973,0.9991014885861484,-0.00033217984385114363
683,0.9991409283203876,0.9994445068389082,-0.00030357851852058637
684,0.998403518655123,0.9994997632771561,-0.0010962446220330602
685,0.9987073984485099,0.9974041365220574,0.0013032619264524703
686,0.9995942933301356,0.999383498767362,0.00021079456277361963
687,0.999365259880034,0.9989090101265862,0.0004562497534478238
688,0.9976426459237522,0.9993689041277768,-0.001726258204024611
689,0.9990385484030716,0.9982796910625011,0.0007588573405704624
690,0.999248953032138,0.9995917152453171,-0.00034276221317908195
691,0.9989193977713291,0.9994306402666626,-0.0005112424953335193
692,0.9992414658917739,0.9996043728252128,-0.0003629069334388779
693,0.9997964912562263,0.9996817797830655,0.0001147114731607779
694,0.9988932728036306,0.9999705508167629,-0.0010772780131322879
695,0.9995111399832879,0.999797574569946,-0.00028643458665811306
696,0.9985706869077483,0.9989398827637403,-0.00036919585599204385
697,0.9995604414385603,0.999514432768282,4.600867027826361e-05
698,0.9991024457516365,0.9983320615152469,0.0007703842363896429
699,0.9986371792210302,0.9982666262113873,0.0003705530096429488
700,0.9993429087953988,0.9995466135805479,-0.00020370478514908363
701,0.998426066451849,0.998548353096294,-0.00012228664444502435
702,0.9994189543225356,0.999024060558064,0.0003948937644715489
703,0.998677955226883,0.9995191860228592,-0.0008412307959762
704,0.9995881974990679,0.9999200582197149,-0.00033186072064694816
705,0.9993594569316218,0.9988347171993976,0.000524739732224111
706,0.9989464969898327,0.9988254153602575,0.00012108162957524815
707,0.9988964132602907,0.999474075875601,-0.000577662615310337
708,0.99950797951275,0.9976963535533026,0.0018116259594475048
709,0.998536858842533,0.9997594765803822,-0.001222617737849263
710,0.9994146711653087,0.9985071597862643,0.0009075113790444345
711,0.9995083503091469,0.9992159360248357,0.0002924142843111488
712,0.9997757126788032,0.9996643441112358,0.00011136856756732705
713,0.9989767647541494,0.9999045245155925,-0.0009277597614431032
714,0.9991176110196538,0.998558764081678,0.0005588469379758099
715,0.9990031467715746,0.9995436315196466,-0.000540484748072001
716,0.999520249999812,0.9987462683894021,0.0007739816104099795
717,0.9990455224996204,0.9979080526725386,0.0011374698270818495
718,0.9999252022534028,0.9985465704832126,0.001378631770190153
719,0.9991589887186434,0.9997691006004933,-0.0006101118818498952
720,0.9996351319733057,0.9996078404434058,2.729152989988659e-05
721,0.9986100608757799,0.9999260717793712,-0.001316010903591347
722,0.9991092373260865,0.9983111187558515,0.0007981185702349292
723,0.9994876399375361,0.9992157288162473,0.0002719111212887704
724,0.9985289752774213,0.9991225596132592,-0.0005935843358378934
725,0.9986291452299043,0.9996173841376912,-0.0009882389077868758
726,0.9988379765073865,0.9995942760447235,-0.000756299537337024
727,0.9989341023394429,0.9994506734339752,-0.0005165710945322921
728,0.9993044788545813,0.9992286935513668,7.578530321450394e-05
729,0.9989947866620204,0.9987312992384513,0.0002634874235690754
730,0.9983969684302991,0.9990366346595927,-0.0006396662292935673
731,0.9988420773175994,0.9995582143470376,-0.0007161370294381797
732,0.9999036427425971,0.9991538685393513,0.0007497742032458454
733,0.9990266733203907,0.9992667862479162,-0.00024011292752545987
734,0.9993943934256997,0.999521054297122,-0.00012666087142232385
735,0.9987341910869637,0.9988507858473317,-0.00011659476036796068
736,0.9990868465491828,0.9978525329511583,0.0012343135980245057
737,0.9998875470810532,0.9993379367643302,0.0005496103167229593
738,0.9993828612485119,0.9990569553037535,0.00032590594475845336
739,0.9992000800975263,0.9990780523493541,0.00012202774817215989
740,0.9995195629496776,0.9998134096546613,-0.00029384670498366905
741,0.9990803708420786,0.9993214005527993,-0.00024102971072070822
742,0.9991355575437197,0.9990201541521546,0.00011540339156512758
743,0.9999505249675518,0.9999262177652062,2.430720234558592e-05
744,0.998563378848548,0.9987988669408843,-0.00023548809233631118
745,0.9994569190963591,0.9995851114612058,-0.00012819236484662433
746,0.9977840776365527,0.9999343638966174,-0.0021502862600646377
747,0.9992873486553133,0.9993727493443008,-8.540068898743591e-05
748,0.9993794705196924,0.9996330730069791,-0.0002536024872866749
749,0.9993250951912168,0.9992689630378968,5.613215332000987e-05
750,0.9988611412767665,0.9997956472348667,-0.0009345059581001847
751,0.9981894928399361,0.9949643676510965,0.0032251251888395505
752,0.999613554373165,0.999945929123455,-0.00033237475029002095
753,0.9992231133488012,0.9998394520499383,-0.0006163387011370869
754,0.9992470496961097,0.9995884707070549,-0.0003414210109452531
755,0.9994259363261093,0.9996406981618327,-0.00021476183572333163
756,0.9990868164626319,0.9994335810045151,-0.0003467645418832044
757,0.9989561669982869,0.9998149445032254,-0.0008587775049384572
758,0.998697976116061,0.9991318040672453,-0.00043382795118429573
759,0.9990583299133973,0.9990363474949777,2.198241841955273e-05
760,0.9994961872032473,0.9977382083043923,0.0017579788988549838
761,0.9977221242913006,0.9997055346615074,-0.001983410370206773
762,0.99915724460375,0.9993904136232905,-0.0002331690195405134
763,0.9994161504349388,0.9994882985429938,-7.214810805500349e-05
764,0.998570094322138,0.9983583448473162,0.0002117494748217208
765,0.9991204879910559,0.999367867933061,-0.00024737994200507707
766,0.9991325258427237,0.9999740740743341,-0.0008415482316104228
767,0.9991521372940337,0.9991616844436995,-9.547149665722898e-06
768,0.9985378989852713,0.9996032050231185,-0.001065306037847158
769,0.9997649560846036,0.9991275161238957,0.000637439960707864
770,0.999597740338998,0.9992434805460995,0.0003542597928984925
771,0.9999640284744671,0.9997648755955635,0.00019915287890359679
772,0.9991751034770241,0.9996873873193849,-0.0005122838423607945
773,0.9989549780991585,0.9992864154313444,-0.0003314373321859909
774,0.9986191795163518,0.9992501091147281,-0.0006309295983762953
775,0.9994422128157948,0.9993929793345226,4.923348127217064e-05
776,0.9988273960242176,0.9998166919535318,-0.0009892959293142933
777,0.999165451090243,0.9992612428149282,-9.579172468521246e-05
778,0.9994349872901716,0.9998659677763373,-0.000430980486165744
779,0.9989901291600465,0.9988308327401103,0.00015929641993617238
780,0.9988511632100618,0.9977881982392701,0.0010629649707917244
781,0.999579032363179,0.9999979596647893,-0.00041892730161030567
782,0.9993757274174365,0.999272355970884,0.00010337144655248043
783,0.9991003222077515,0.999802062304445,-0.0007017400966935483
784,0.9989366358657602,0.9991406528066916,-0.00020401694093141742
785,0.9994664723542289,0.9973710530242761,0.00209541932995283
786,0.999421568235102,0.997170587107447,0.002250981127654983
787,0.9987559359879421,0.9989280579162565,-0.00017212192831439488
788,0.9988732783638871,0.9991426334757194,-0.00026935511183234784
789,0.9995766937565329,0.9976147557369633,0.0019619380195695646
790,0.9993706189233433,0.9970974314373666,0.002273187485976713
791,0.9993968887721137,0.9994045078902689,-7.619118155166582e-06
792,0.9990352034124983,0.9997774500613481,-0.0007422466488498092
793,0.998996194971893,0.9999178143096182,-0.0009216193377252768
794,0.9981853248116375,0.9989486981525111,-0.0007633733408736187
795,0.9989553563972791,0.9983976006873942,0.0005577557098848107
796,0.9990444636725653,0.9998806467729333,-0.0008361831003680376
797,0.9995613714719309,0.9993917369220695,0.00016963454986140825
798,0.9998490326448632,0.9994641247053893,0.0003849079394739885
799,0.9996159646129259,0.9989393541665318,0.0006766104463941103
800,0.9991320429042716,0.9970841903120836,0.002047852592187982
801,0.9985997732359633,0.9998742532855764,-0.0012744800496131692
802,0.9995187399529687,0.9998535529284234,-0.00033481297545467914
803,0.9992627860347311,0.999663899981527,-0.00040111394679598344
804,0.9991462805093709,0.9996011362994562,-0.00045485579008530674
805,0.999159504127132,0.9998664958431518,-0.0007069917160198447
806,0.9987061209695771,0.9997002754810589,-0.0009941545114817707
807,0.9993365182056531,0.999855234681456,-0.0005187164758029272
808,0.9989678066582464,0.99937904434637,-0.0004112376881236779
809,0.9982968365415894,0.9994336296548372,-0.0011367931132477693
810,0.9992596358328997,0.9999396849517669,-0.0006800491188672098
811,0.9997374011962856,0.9996845110246038,5.289017168186305e-05
812,0.9990400342519943,0.9997579710136706,-0.0007179367616763077
813,0.99957186611687,0.9997445280319882,-0.00017266191511822182
814,0.9992562353004151,0.9993891428522448,-0.00013290755182970848
815,0.9996896575370886,0.9993882300781723,0.0003014274589162591
816,0.9995829912363875,0.9978287812236766,0.0017542100127109217
817,0.9987781332359537,0.9991264980115206,-0.0003483647755669894
818,0.9989068497149529,0.9976328519207999,0.0012739977941530478
819,0.9992723013669336,0.9985629415850517,0.0007093597818819131
820,0.9997412339137189,0.9999030280518509,-0.00016179413813199872
821,0.9990809292202291,0.9992744120619574,-0.00019348284172837626
822,0.9987081436203191,0.9996686965314923,-0.0009605529111731403
823,0.9989630557777387,0.9992770521284631,-0.00031399635072437704
824,0.9997153335021249,0.9995825986322686,0.00013273486985632132
825,0.9989884542580703,0.9994942983652506,-0.0005058441071803532
826,0.9988470320591287,0.999861742641431,-0.0010147105823022917
827,0.9983619318874027,0.9993971643796088,-0.0010352324922060507
828,0.9995819390154645,0.9989912055221307,0.0005907334933338282
829,0.9990354404872637,0.9970484263169369,0.001987014170326762
830,0.9994526880299428,0.9988929893902081,0.000559698639734707
831,0.9991016004565914,0.9984069588818141,0.0006946415747772772
832,0.9997334354462509,0.9954393599463985,0.00429407549985239
833,0.999459175943406,0.9989862266371394,0.00047294930626662346
834,0.9984721803760828,0.9992869408100948,-0.000814760434012074
835,0.99901228153249,0.9980933277940122,0.0009189537384778346
836,0.9995707207558481,0.9980459976465827,0.0015247231092653246
837,0.9993213986982606,0.9977729259453306,0.001548472752930019
838,0.9989940984480437,0.9988704396660679,0.00012365878197573288
839,0.9990585817177726,0.9996423018890506,-0.0005837201712779461
840,0.9990945499621604,0.9997346016052681,-0.0006400516431076531
841,0.9998293866443175,0.9997548719419305,7.451470238706293e-05
842,0.9989259602398082,0.9993348759540019,-0.0004089157141937694
843,0.9993763750015776,0.9981382588815737,0.001238116120003907
844,0.9994915909678298,0.9987497791227775,0.000741811845052287
845,0.9975603733198348,0.9992935233866779,-0.0017331500668430477
846,0.9989116827356639,0.9996305406525304,-0.0007188579168665443
847,0.998570811126267,0.9988219530196005,-0.00025114189333352854
848,0.9992416921861215,0.9999158350413533,-0.0006741428552318185
849,0.9996986210330836,0.9992973786284198,0.0004012424046637708
850,0.9998846408210302,0.9982086602842699,0.0016759805367603242
851,0.9992261433005046,0.9995681171128057,-0.00034197381230105517
852,0.9992089748158512,0.9979477445648293,0.001261230251021983
853,0.9988975273798391,0.9996878480697415,-0.0007903206899024795
854,0.9988541541631858,0.9996978897217581,-0.0008437355585723116
855,0.9982567060681504,0.9991979001633909,-0.0009411940952405162
856,0.9989974903971346,0.9997602517741636,-0.0007627613770290198
857,0.9989524763910969,0.9986142755407875,0.00033820085030933367
858,0.999179249614655,0.9995599878516777,-0.00038073823702267084
859,0.9995647752764836,0.9996173121491465,-5.253687266293383e-05
860,0.9997313174774332,0.9998082874177265,-7.6969940293381e-05
861,0.9993833530076753,0.9995866325487945,-0.00020327954111920565
862,0.999400236605418,0.9994407436061922,-4.0507000774181456e-05
863,0.9991446445623706,0.99950514850799,-0.0003605039456193726
864,0.9992686276938725,0.9975244939343866,0.0017441337594858997
865,0.9996261194994205,0.9987718782582832,0.0008542412411373101
866,0.998894627802406,0.999818822618801,-0.0009241948163949409
867,0.9984836655311757,0.9996718915227006,-0.001188225991524905
868,0.9991467819461408,0.9990727303935554,7.405155258544127e-05
869,0.999474707187284,0.9973842738907884,0.0020904332964956085
870,0.9992558631035751,0.9997981664399818,-0.000542303336406702
871,0.999889585237984,0.9969941029048239,0.00289548233316006
872,0.9993760042071895,0.9981689804562819,0.0012070237509076431
873,0.9998907176448445,0.9993924008199194,0.0004983168249250713
874,0.998204119332863,0.9986731937325277,-0.000469074399664704
875,0.9987095710534997,0.9998877049778749,-0.0011781339243752686
876,0.9993806589483823,0.9985717870343289,0.0008088719140534328
877,0.9998082555817734,0.9985647248876123,0.0012435306941611657
878,0.9994815771196413,0.9998401834438407,-0.00035860632419948413
879,0.9998304134262358,0.9990070509816809,0.0008233624445549426
880,0.9994373712020028,0.9994384978987118,-1.12669670893073e-06
881,0.9989050001448359,0.9972880266723705,0.0016169734724653662
882,0.9982339304395847,0.9954719330691846,0.002761997370400171
883,0.9993463795203292,0.9993223144311634,2.406508916585892e-05
884,0.9987103724890289,0.9978344068808234,0.0008759656082055756
885,0.9996808340658723,0.9996403420938299,4.0491972042366875e-05
886,0.9993687084465568,0.9997120394872616,-0.00034333104070483067
887,0.9992794571934681,0.999709682917643,-0.0004302257241748375
888,0.9993686501120187,0.9990841088730009,0.00028454123901777706
889,0.9994741710370338,0.9993933039254167,8.086711161714444e-05
890,0.9993763255025757,0.9988126787991918,0.0005636467033839354
891,0.9993720621316478,0.9972699607276786,0.002102101403969159
892,0.9997090220001865,0.9996558135007944,5.320849939216554e-05
893,0.9993369942059509,0.9993597061284775,-2.2711922526563733e-05
894,0.9994781024859172,0.999917847122697,-0.00043974463677987075
895,0.9994029030076825,0.9996036994592352,-0.00020079645155268722
896,0.9991437325386703,0.9990374156068719,0.0001063169317984114
897,0.9993896118787633,0.9975499303065336,0.00183968157222969
898,0.9990704987715775,0.9992075486331142,-0.00013704986153673104
899,0.9988349856966509,0.9983359213054152,0.000499064391235704
900,0.9990669936752228,0.9999332981219201,-0.0008663044466973302
901,0.9986973246895277,0.9985893695905923,0.00010795509893535282
902,0.9992216884315481,0.9989041630612584,0.0003175253702897285
903,0.9986356514810755,0.9991326906567375,-0.0004970391756620174
904,0.9990320514364492,0.9989485757602898,8.347567615940577e-05
905,0.9987686791991657,0.9972297722857223,0.001538906913443383
906,0.9983835028579804,0.9996283039436067,-0.0012448010856263014
907,0.9995111066827573,0.9999297245331189,-0.00041861785036156896
908,0.9996963963402962,0.9991270791155087,0.00056931722478748
909,0.999300948207253,0.9998640388064757,-0.0005630905992226598
910,0.9990236953270837,0.9979187112635752,0.0011049840635084518
911,0.9981317449408729,0.9992618707693081,-0.0011301258284351912
912,0.9989217569841768,0.9980825167196768,0.0008392402644999963
913,0.9991053023303554,0.998745133837176,0.0003601684931794358
914,0.9992298737430442,0.9996677603948165,-0.00043788665177235675
915,0.9998186035502792,0.9990129713322908,0.0008056322179883502
916,0.998826226741804,0.998805297906679,2.092883512494481e-05
917,0.9995158810178083,0.9969431375856996,0.0025727434321086706
918,0.9995452427432521,0.9986423574508949,0.0009028852923571584
919,0.9983684975395973,0.9987577418094378,-0.0003892442698404386
920,0.9988864109833243,0.9981055720025663,0.0007808389807579807
921,0.9995771227555641,0.9996248754995872,-4.77527440231329e-05
922,0.9990735421112582,0.9992974911821704,-0.0002239490709121661
923,0.9995449574918189,0.9995829756501171,-3.801815829818089e-05
924,0.9991614393081986,0.9984417620880077,0.0007196772201908397
925,0.9997310722337113,0.9992226354899649,0.0005084367437463433
926,0.9993263736121614,0.9985277960266348,0.0007985775855265942
927,0.9986730046099828,0.999484607944638,-0.000811603334655242
928,0.9984373718516304,0.9992362445946074,-0.0007988727429769638
929,0.9991587860683311,0.999920752060705,-0.0007619659923738809
930,0.9986932883526107,0.9993393049131453,-0.0006460165605345347
931,0.9989606946247208,0.9998995245360625,-0.0009388299113416432
932,0.9990822536182993,0.9994079304057557,-0.00032567678745643036
933,0.9991376660596883,0.9994114920378425,-0.0002738259781541741
934,0.9986658087053997,0.999355886874782,-0.0006900781693823799
935,0.9973682158298167,0.9990360636513989,-0.0016678478215821357
936,0.9986942972190944,0.9997458959589167,-0.0010515987398223015
937,0.999391902904498,0.999543925529305,-0.00015202262480706885
938,0.9991996075117325,0.9993314839849694,-0.00013187647323686935
939,0.9994870889784326,0.9998684382692562,-0.0003813492908235627
940,0.9986957425485925,0.999481938606161,-0.0007861960575684668
941,0.9993738296017758,0.9997988322426021,-0.0004250026408263441
942,0.9985436851488415,0.9986536152741752,-0.0001099301253336682
943,0.9996154583876752,0.9996989989968159,-8.354060914073091e-05
944,0.9990103593610222,0.999176550389496,-0.00016619102847381662
945,0.9995114123930693,0.9982076990962139,0.0013037132968554133
946,0.9986341063063664,0.9993665148137354,-0.0007324085073689979
947,0.999134804380401,0.9988515478805209,0.0002832564998801468
948,0.9980252575299005,0.9993291866353458,-0.0013039291054453006
949,0.9987703409390425,0.9994290077698277,-0.0006586668307851928
950,0.9992136859227005,0.9972432997350837,0.0019703861876168016
951,0.9991011086311603,0.9994575861561881,-0.0003564775250277652
952,0.9987076852787515,0.9997478203954504,-0.0010401351166988704
953,0.9984762742838103,0.999918255373956,-0.0014419810901457053
954,0.9983261672642132,0.9991296949766793,-0.0008035277124660567
955,0.999845499775185,0.9996912426581347,0.00015425711705030487
956,0.9994606520406186,0.9990080637176605,0.0004525883229581362
957,0.9993061309955577,0.9998503879134535,-0.0005442569178958356
958,0.9992481498248411,0.9983343865379546,0.0009137632868865264
959,0.9997956966758137,0.9996300258516356,0.00016567082417806578
960,0.9988589356144082,0.9991892618125189,-0.0003303261981106864
961,0.999461538409302,0.9993755414716793,8.599693762267879e-05
962,0.9997107245828368,0.9967036634425195,0.0030070611403173464
963,0.998773310749698,0.9993903431868216,-0.0006170324371236324
964,0.9986072968963945,0.9979722266343998,0.000635070261994719
965,0.9994200205976453,0.9991888682737637,0.00023115232388160045
966,0.9986244155268216,0.9990853607029102,-0.00046094517608863406
967,0.9986368610766738,0.9984555486037271,0.00018131247294672637
968,0.9987718249462254,0.9995439372184474,-0.0007721122722219587
969,0.9984745706390393,0.9991181513433213,-0.000643580704281943
970,0.9990634525264042,0.99952422932711,-0.00046077680070588656
971,0.9991172545868736,0.998480397372814,0.0006368572140595941
972,0.9987322413248655,0.9980509188179973,0.0006813225068681428
973,0.9997691167160592,0.9991296633621534,0.0006394533539058056
974,0.9986526922916643,0.9992375763700496,-0.000584884078385306
975,0.9994406050482095,0.999267242777063,0.00017336227114650438
976,0.9978435855278766,0.9982552988630271,-0.0004117133351505542
977,0.9990918938185335,0.9995541057573994,-0.0004622119388659751
978,0.999703350618264,0.9977740986569001,0.0019292519613638426
979,0.9993016815363194,0.9982678209056908,0.0010338606306286025
980,0.9985633944759963,0.9994456667305599,-0.0008822722545636097
981,0.9993727849666579,0.999505658981614,-0.00013287401495609696
982,0.99850531238462,0.9986371470241217,-0.00013183463950161567
983,0.9990633776251294,0.9993605928280234,-0.0002972152028939412
984,0.9988743678042674,0.9995571096840646,-0.0006827418797972218
985,0.9984815926932181,0.9995337561344299,-0.0010521634412117287
986,0.9990757656688674,0.9997180811323491,-0.0006423154634817019
987,0.9992999277208405,0.9988891040553386,0.00041082366550193594
988,0.9992063906764813,0.9995698666959452,-0.00036347601946384867
989,0.9990961712497128,0.9982401196962767,0.0008560515534361546
990,0.9989355207977575,0.9991265316181339,-0.00019101082037642492
991,0.9994221261718116,0.9987394167120389,0.000682709459772668
992,0.9985871910803445,0.9988994881428319,-0.00031229706248736555
993,0.9997065591982748,0.9989683372031983,0.000738221995076449
994,0.999542407301936,0.9992648705301947,0.00027753677174124913
995,0.9988428271548995,0.9985089868787701,0.0003338402761293713
996,0.999434628687813,0.9988903978610947,0.0005442308267182838
997,0.9994555616609617,0.9973282178108208,0.002127343850140906
998,0.9991066896449105,0.9993771915496592,-0.00027050190474875446
999,0.9986906370131545,0.9998004668710155,-0.001109829857861011
