,cos_ori,cos_glm,deltacos
0,0.9896930023985492,0.9179257250511156,0.0717672773474336
1,0.9737212653369742,0.9137565065109756,0.05996475882599861
2,0.9891034004464565,0.8791478211344221,0.10995557931203437
3,0.9943879825398314,0.9680764187921033,0.02631156374772814
4,0.9873693787368318,0.8396140965826815,0.14775528215415035
5,0.9770544990397226,0.9574270315987943,0.01962746744092836
6,0.9909083317830119,0.6971032852307486,0.29380504655226325
7,0.9903736414952176,0.8303711442631786,0.16000249723203896
8,0.9875930403859574,0.4260972776680061,0.5614957627179513
9,0.9912657956594529,0.9412974989546288,0.04996829670482417
10,0.9953414091494924,0.8767579220599804,0.11858348708951205
11,0.9984954381325655,0.06256634082439791,0.9359290973081675
12,0.9849074364734478,0.9609970035963424,0.02391043287710537
13,0.9679486799576347,0.9714214206800063,-0.003472740722371581
14,0.9990489267752075,0.9780623145027703,0.020986612272437255
15,0.9971519680206853,0.919435484554798,0.07771648346588733
16,0.987391851500517,0.48682752343550856,0.5005643280650085
17,0.9795367636195305,0.9745020455184605,0.005034718101069924
18,0.9679239935954349,0.634300221120494,0.3336237724749409
19,0.9866121648044902,0.46369589140069933,0.5229162734037909
20,0.9871046566610272,0.9804009114825294,0.006703745178497811
21,0.9985682783990701,0.17236064739919044,0.8262076309998797
22,0.994081295021483,0.8542946899420383,0.13978660507944474
23,0.9813914118680767,0.9352433442258978,0.046148067642178825
24,0.9492525135147009,0.37177356263335587,0.5774789508813449
25,0.986239117311012,0.9060303546528472,0.08020876265816479
26,0.9954088679537401,0.5323757858313948,0.4630330821223453
27,0.9685055691057665,0.6743083100206452,0.2941972590851213
28,0.9951770074662457,0.7537247898127637,0.24145221765348202
29,0.9855913975983326,0.9943035746994179,-0.008712177101085294
30,0.994192264266124,0.8776376989022318,0.11655456536389219
31,0.9881938238762791,0.9667657894629366,0.02142803441334251
32,0.9898442385902092,0.9654444735381763,0.024399765052032896
33,0.9911870396146619,0.966769469621212,0.024417569993449906
34,0.9940863115441171,0.9570223386780015,0.037063972866115624
35,0.9919775521871782,0.8854682779402804,0.10650927424689782
36,0.9943355413084374,0.8971839189182831,0.09715162239015429
37,0.9916276909542933,0.7187598599447265,0.2728678310095668
38,0.9955680652777956,0.9634245403447308,0.032143524933064826
39,0.9972916446928051,0.3563908273644536,0.6409008173283515
40,0.9811946719124411,0.48534628270895197,0.49584838920348917
41,0.9937125949719108,0.3058931963372082,0.6878193986347025
42,0.9936045560040285,0.9838065696562391,0.00979798634778939
43,0.9891044074248933,0.2972313692404723,0.6918730381844209
44,0.9717462557503921,0.9579326311985491,0.013813624551842985
45,0.9817539228618672,0.9383875375789631,0.04336638528290415
46,0.9765447148188326,0.8044185457135551,0.17212616910527756
47,0.9947729388171048,0.231503808736751,0.7632691300803538
48,0.9990642303516423,0.983884602120834,0.015179628230808317
49,0.9960390470949017,0.9908780889886316,0.005160958106270042
50,0.9825171292572302,0.629112187505235,0.3534049417519952
51,0.9908719467648204,0.9298424320840324,0.06102951468078799
52,0.9995654184181751,0.8525031890410343,0.14706222937714086
53,0.9843235407332398,0.5600006200195893,0.4243229207136505
54,0.9971187310567757,0.6270456305297,0.37007310052707576
55,0.9922084873294443,0.9930398940397535,-0.0008314067103091238
56,0.956889760266771,0.6732912778341658,0.2835984824326052
57,0.9918749168287303,0.5790109493721861,0.4128639674565442
58,0.9972965729215593,0.5794616767295453,0.41783489619201397
59,0.9850502120624608,0.9516489312580004,0.033401280804460365
60,0.9924186597635605,0.9867365736505066,0.005682086113053875
61,0.9828077155814587,0.41232899079884244,0.5704787247826163
62,0.9888784708869531,0.4155080879339709,0.5733703829529821
63,0.989674696379734,0.9610757248561206,0.02859897152361346
64,0.9593228265559309,0.9379286322479073,0.021394194308023584
65,0.9880332183513539,0.8577193256493844,0.13031389270196958
66,0.9971848338857523,0.9572461043012382,0.039938729584514054
67,0.9951790797435884,0.8066217558606805,0.1885573238829079
68,0.9840782289696458,0.48879601764494673,0.4952822113246991
69,0.9919465005781894,0.8125693750981382,0.17937712548005125
70,0.9923512140408002,0.9422226305783348,0.050128583462465404
71,0.992718957225144,0.9870234210353509,0.005695536189793127
72,0.99369353240913,0.6506506211741165,0.3430429112350135
73,0.9883182781689407,0.8219498349795075,0.16636844318943322
74,0.9826132972080792,0.9490115511008517,0.03360174610722755
75,0.9950193823010578,0.6365452730318001,0.3584741092692577
76,0.9814592340395872,0.9540557309951443,0.027403503044442945
77,0.9979182806784301,0.6556372446538037,0.34228103602462645
78,0.9612009731196403,0.8785773989473639,0.08262357417227639
79,0.9902354701001665,0.9967390657308612,-0.006503595630694692
80,0.9840236894461261,0.4172476249884012,0.5667760644577249
81,0.9653427815932921,0.39572911683794054,0.5696136647553516
82,0.9793034023090803,0.8610245651779439,0.1182788371311364
83,0.9963925849044026,0.9943766618591876,0.002015923045215029
84,0.9915969730198416,0.8092691652168659,0.18232780780297575
85,0.9842330530140426,0.9763021010511883,0.007930951962854316
86,0.9951472815768565,0.979736182091953,0.01541109948490349
87,0.9820388923974558,0.48432938316340485,0.49770950923405094
88,0.9956468280179986,0.9850827861987993,0.010564041819199343
89,0.9907853217935254,0.9111762576670055,0.07960906412651991
90,0.9976876250629717,0.9469310193294286,0.050756605733543125
91,0.9894614012336933,0.40719747631416814,0.5822639249195252
92,0.988432537932623,0.9698670077877218,0.018565530144901143
93,0.9984949714644912,0.8127511014066269,0.1857438700578643
94,0.9977497098435458,0.9752342531384449,0.02251545670510091
95,0.9913603226433706,0.6221369450255754,0.3692233776177952
96,0.9720609578503581,0.30854294803508764,0.6635180098152704
97,0.9946364295540748,0.059597882435628524,0.9350385471184464
98,0.9867064560916833,0.4642398221066941,0.5224666339849892
99,0.9915081947778714,0.3908392487690615,0.6006689460088099
100,0.9931960146821541,0.9251395035735451,0.068056511108609
101,0.9728400438519705,0.9774726870816783,-0.0046326432297078
102,0.9980166331954641,0.7734775173078606,0.22453911588760345
103,0.9876424783079303,0.9126987843849976,0.07494369392293265
104,0.989870122837051,0.9078512762348786,0.0820188466021724
105,0.9936547386032003,0.7853513712166156,0.20830336738658473
106,0.9948311620458037,0.4732843316329818,0.5215468304128219
107,0.995800351062945,0.8658036811797328,0.12999666988321212
108,0.9837564891085978,0.6235377269977376,0.36021876211086024
109,0.9939987833376963,0.7118181476126513,0.28218063572504504
110,0.9941635607941139,0.9851322649240585,0.009031295870055467
111,0.9852073656273823,0.959592394224779,0.02561497140260327
112,0.9887391567631161,0.9454679523619723,0.04327120440114374
113,0.9950379674960986,0.8931973533559228,0.10184061414017587
114,0.9900520647903356,0.6630588013823817,0.32699326340795387
115,0.9995489962029002,0.9146770580941747,0.08487193810872551
116,0.9931152079383032,0.9828650047894699,0.010250203148833292
117,0.9858545196419735,0.7870814483650481,0.19877307127692534
118,0.9936302877826761,0.9008797274738441,0.092750560308832
119,0.9902090039498098,0.9574978254252425,0.032711178524567286
120,0.9736499472380408,0.9578413878577215,0.01580855938031922
121,0.9939165264337744,0.5447958956194863,0.4491206308142881
122,0.9858773254336751,0.9928448744746374,-0.006967549040962306
123,0.9783554588586945,0.6751923008262541,0.3031631580324403
124,0.983996029050575,0.9141008964682458,0.06989513258232927
125,0.9858447295691154,0.47920740483267793,0.5066373247364375
126,0.9830266275906319,0.36133986867546014,0.6216867589151718
127,0.9993825813013606,0.9277443067104836,0.07163827459087702
128,0.9959440031132387,0.8760067577961359,0.11993724531710281
129,0.9952543793421956,0.9481782008498263,0.047076178492369336
130,0.9893239204195332,0.967406558870966,0.02191736154856716
131,0.9046004014817148,0.366490525392174,0.5381098760895409
132,0.9964851171426847,0.986601369922898,0.009883747219786687
133,0.9978290086691289,0.9073658654796646,0.09046314318946436
134,0.9737562305101258,0.6387034386493414,0.3350527918607844
135,0.9900816988253515,0.83834636982763,0.15173532899772146
136,0.9953523025033866,0.9921613001293205,0.0031910023740661098
137,0.9740053057117352,0.974068419245,-6.311353326482472e-05
138,0.9820462569352615,0.6642342580359674,0.3178119988992941
139,0.9963085572507647,0.8165770388632477,0.179731518387517
140,0.989520702935385,0.7857318543401449,0.20378884859524005
141,0.9922058012962935,0.949404111229968,0.042801690066325504
142,0.9960093633474703,0.8319471973282955,0.16406216601917478
143,0.9967278647325903,0.8643266942415305,0.13240117049105982
144,0.9943727523882951,0.7558854193337307,0.2384873330545645
145,0.9887497714482388,0.8894393471486634,0.09931042429957548
146,0.9989511922323251,0.9456080741235023,0.05334311810882275
147,0.9992706682684332,0.9655364135965734,0.033734254671859865
148,0.9931237001266221,0.6757186328303341,0.31740506729628803
149,0.9691147462967223,0.9335793205947033,0.03553542570201906
150,0.9781048232056773,0.9202139316368404,0.057890891568836866
151,0.9917896532215729,0.9901865042499008,0.0016031489716720193
152,0.9892327840598922,0.5803322976336316,0.40890048642626065
153,0.9394325068413564,0.7750781535444153,0.16435435329694104
154,0.9925540230660299,0.9341004277331966,0.05845359533283334
155,0.9930999640327367,0.8926775960770911,0.10042236795564563
156,0.9988519329425115,0.9659123526744091,0.0329395802681024
157,0.9986880723621601,0.7029902852678467,0.2956977870943134
158,0.9748934665869861,0.47840756505871324,0.4964859015282728
159,0.9934285664544993,0.7022874653287811,0.2911411011257182
160,0.9864358694552408,0.725104445581604,0.2613314238736367
161,0.9867854048578617,0.9742858903866751,0.012499514471186579
162,0.9976443900473235,0.8585241932547358,0.1391201967925877
163,0.9625164391522836,0.8478113462481159,0.11470509290416764
164,0.995891916609895,0.8757635831375159,0.12012833347237906
165,0.9902026071557981,0.984215442157481,0.005987164998317085
166,0.989346397365857,0.9812242098061641,0.008122187559692962
167,0.9833290263196819,0.2825109536214537,0.7008180726982283
168,0.9862595865541335,0.8344817917798513,0.15177779477428222
169,0.9814496420003402,0.03762269478258931,0.943826947217751
170,0.9890556560370819,0.990288526051367,-0.0012328700142850701
171,0.9821196786704585,0.9547184255950101,0.027401253075448384
172,0.9966951433020337,0.5125890341340448,0.4841061091679889
173,0.9795769488824979,0.80425510920867,0.17532183967382786
174,0.950989927916286,0.7614858304419087,0.18950409747437735
175,0.968732549538216,0.6920538461493515,0.27667870338886447
176,0.9984533015893593,0.9627507307463239,0.03570257084303541
177,0.9707358078220899,0.9568103124505876,0.013925495371502339
178,0.987033351898746,0.9929844258484026,-0.00595107394965666
179,0.9925967718787565,0.39511517901257487,0.5974815928661816
180,0.9991986122432028,0.3922820349502639,0.6069165772929389
181,0.9976456277745278,0.9840777071920613,0.013567920582466475
182,0.9690350915638675,0.9723147977324513,-0.0032797061685838624
183,0.9725365100191107,0.2605493337545519,0.7119871762645588
184,0.9941247775369993,0.9740253122335993,0.02009946530340001
185,0.994528144092886,0.9530718157949774,0.041456328297908684
186,0.9903112086229241,0.7095722299315181,0.28073897869140596
187,0.9801424514029367,0.890424291486642,0.08971815991629462
188,0.9853862256016415,0.14096502630270943,0.844421199298932
189,0.9986059272931539,0.576356311629287,0.4222496156638669
190,0.98212754121443,0.8557609949525511,0.12636654626187893
191,0.9571491194868951,0.3814540553515539,0.5756950641353411
192,0.9972789831199316,0.9916793936992463,0.00559958942068528
193,0.9943012975151774,0.9365233982572728,0.05777789925790455
194,0.984552351917477,0.9668218082907541,0.017730543626722883
195,0.9891122118226408,0.4368714531382358,0.5522407586844049
196,0.9876085692225341,0.6518273930189591,0.33578117620357506
197,0.9959231769605611,0.8103306386421396,0.18559253831842148
198,0.993807420682038,0.8824371146438806,0.11137030603815734
199,0.9826150820817352,0.8927785132409058,0.08983656884082936
200,0.982873225066088,0.44192195262687295,0.540951272439215
201,0.9964168789324589,0.9709266309835642,0.02549024794889465
202,0.9992391600054877,0.9272393068296844,0.07199985317580337
203,0.9914655728730851,0.9748361014768535,0.01662947139623161
204,0.9983111401888247,0.9116238710530967,0.086687269135728
205,0.9967606625533978,0.6625523132224361,0.33420834933096166
206,0.9963242557459699,0.9962127939671155,0.00011146177885446029
207,0.9980574781243801,0.9891105243384161,0.008946953785963996
208,0.9981182628958966,0.988845450905447,0.009272811990449603
209,0.996224223661059,0.8043794495980328,0.19184477406302625
210,0.9880501649518004,0.9889278963378044,-0.0008777313860039992
211,0.989535702607156,0.07854409824522623,0.9109916043619297
212,0.9919471609861024,0.8903553977585379,0.10159176322756447
213,0.9917086305124031,0.9070819690854351,0.08462666142696795
214,0.9788041500164117,0.9072077121586226,0.07159643785778913
215,0.9929439837845861,0.8694702543692223,0.12347372941536383
216,0.9974791633196533,0.2825434644778063,0.7149356988418469
217,0.9794459266517976,0.9397490825248696,0.03969684412692809
218,0.9891029374388345,0.889028824136886,0.10007411330194849
219,0.9972844015748428,0.9834633352059774,0.013821066368865376
220,0.9942394848864653,0.9585057949088375,0.035733689977627825
221,0.9983606569959953,0.9872959717203003,0.011064685275695041
222,0.9952323174743127,0.6393632509306493,0.35586906654366346
223,0.9945856255076899,0.7930539780372916,0.2015316474703983
224,0.9657445297276093,0.9541906854732316,0.011553844254377665
225,0.9954556852906967,0.8888653573308611,0.10659032795983558
226,0.9946530747631769,0.2699868398137726,0.7246662349494043
227,0.9989265083364642,0.25827535908198773,0.7406511492544765
228,0.9861420014155338,0.5219243970687655,0.4642176043467683
229,0.9959374557345468,0.9186159470959673,0.07732150863857956
230,0.9972671102242806,0.9516714873105439,0.045595622913736755
231,0.9885994994594607,0.8138337618200427,0.17476573763941794
232,0.995277129676803,0.8526273784170527,0.14264975125975032
233,0.9783128639102197,0.2626629178689542,0.7156499460412655
234,0.9869445811206079,0.39666958794323726,0.5902749931773706
235,0.9891420375766088,0.9945573724208487,-0.00541533484423995
236,0.9974054285937494,0.8708712938189713,0.12653413477477804
237,0.9713227767020622,0.6357217431555593,0.33560103354650295
238,0.9958630776156885,0.716667044125453,0.2791960334902355
239,0.9972880958585376,0.7642462590663075,0.23304183679223012
240,0.990743958958616,0.9381184881515259,0.052625470807090124
241,0.9896463801997599,0.4125741155265176,0.5770722646732422
242,0.9990629339211397,0.2225363121956599,0.7765266217254798
243,0.9904189087762887,0.7614693348800494,0.22894957389623927
244,0.9910971561396329,0.9783951584635467,0.012701997676086152
245,0.9773131025014308,0.7959947906570735,0.18131831184435732
246,0.9874134235332255,0.6815670621657437,0.3058463613674818
247,0.9813563446713608,0.9556143504991521,0.025741994172208682
248,0.9886505030369475,0.27678472967694634,0.7118657733600011
249,0.9954609100282323,0.8452433336947337,0.15021757633349864
250,0.9419204857335128,0.684254902424902,0.2576655833086109
251,0.968207479725487,0.9573415014358887,0.010865978289598344
252,0.9746698876448068,0.9176155460569206,0.05705434158788614
253,0.9758145217108063,0.43418804392560484,0.5416264777852015
254,0.9932449166799002,0.4556342182101797,0.5376106984697205
255,0.9929266381191175,0.991020972219278,0.001905665899839537
256,0.9992462436374869,0.8682748838767541,0.13097135976073282
257,0.9323529650880173,0.8866334413425041,0.045719523745513246
258,0.9866798348189492,0.979532566014504,0.0071472688044451615
259,0.9883809374082863,0.14450770814345634,0.8438732292648299
260,0.9762832025388137,0.9913259090585013,-0.015042706519687532
261,0.949424450481825,0.5483932597412242,0.4010311907406008
262,0.9791468222150432,0.5856408694336297,0.39350595278141354
263,0.9942183057170242,0.8985984091466551,0.09561989657036907
264,0.9900558041769814,0.03670828682021026,0.9533475173567711
265,0.995589302015498,0.11490729639588709,0.880682005619611
266,0.99265423915271,0.9799595537818075,0.012694685370902459
267,0.9961770947778468,0.798759746320805,0.19741734845704173
268,0.9893535725089099,0.8822345535317613,0.1071190189771486
269,0.9963631751913873,0.9480777993752187,0.04828537581616854
270,0.9844711503688341,0.8644639327710605,0.12000721759777366
271,0.9930384305669342,0.9521997157922197,0.04083871477471446
272,0.9918677459202571,0.6780213638315721,0.313846382088685
273,0.9918500036048478,0.954772789618989,0.037077213985858726
274,0.9943986748238773,0.9553245977965902,0.03907407702728716
275,0.9966167794503797,0.700942396813239,0.29567438263714074
276,0.998904131009462,0.27907040226701735,0.7198337287424446
277,0.9795137594574239,0.9292695165690367,0.05024424288838725
278,0.982808856727663,0.263970858523623,0.71883799820404
279,0.9966735167670823,0.9984930488715763,-0.0018195321044940371
280,0.9733216294383469,0.7465778383812826,0.22674379105706433
281,0.9968332880827211,0.9671756260155232,0.029657662067197887
282,0.9972122750613274,0.6853181656234125,0.31189410943791485
283,0.9927057796902714,0.35382805757849617,0.6388777221117752
284,0.9803976604594615,0.8845741624646246,0.09582349799483691
285,0.9898063833237539,0.781245022791357,0.20856136053239693
286,0.978902815826938,0.7875959285079935,0.19130688731894452
287,0.9945412083847647,0.9373234882409267,0.05721772014383797
288,0.9835740447635123,0.9073490116521382,0.07622503311137407
289,0.9867659686780781,0.8301818114439442,0.15658415723413388
290,0.9857932211016052,0.9788101115354965,0.006983109566108703
291,0.995582885672011,0.8690243662801811,0.12655851939182994
292,0.9964440605310594,0.7572719993536287,0.23917206117743073
293,0.9850049607809569,0.562077670516559,0.4229272902643979
294,0.9945539697672452,0.4606611840270587,0.5338927857401865
295,0.9897460574331491,0.9834527560914877,0.006293301341661395
296,0.9594186544434681,0.783081221085272,0.17633743335819607
297,0.9875094313794663,0.8775884177361293,0.10992101364333706
298,0.9691924019919802,0.9543893481256461,0.01480305386633407
299,0.9792373945306436,0.7441904799450697,0.23504691458557392
300,0.9904119102090914,0.8597086028285748,0.1307033073805166
301,0.9759051390495315,0.8374887055854154,0.13841643346411603
302,0.997239061663268,0.9675316619900013,0.029707399673266743
303,0.9949172328055941,0.5749338584690054,0.4199833743365887
304,0.9768911936325408,0.3233832431284271,0.6535079505041137
305,0.9857973165921288,0.30093619858361265,0.6848611180085161
306,0.9781690446450034,0.8529450999276897,0.12522394471731368
307,0.993062776769752,0.5557413377141566,0.4373214390555954
308,0.9906027949823756,0.2601631333767239,0.7304396616056517
309,0.9788310589776053,0.8314587521597067,0.1473723068178986
310,0.9871990286598893,0.8845265325384422,0.10267249612144713
311,0.9915597373412534,0.9635000132518633,0.02805972408939006
312,0.9948170503055689,0.7768259263713043,0.21799112393426456
313,0.956308189041612,0.9772848802893213,-0.02097669124770929
314,0.9957498694444222,0.8883790023949899,0.10737086704943233
315,0.9905176147182595,0.829453934095708,0.1610636806225515
316,0.9961604614299573,0.8015572274819295,0.1946032339480278
317,0.9860703707761214,0.9621015691864963,0.02396880158962511
318,0.9958289288909467,0.25107210480120057,0.7447568240897461
319,0.9991785141003324,0.9790870317411432,0.020091482359189228
320,0.9968103447875062,0.6762301019092295,0.3205802428782767
321,0.998184857366067,0.402840050913825,0.595344806452242
322,0.9853694512700193,0.17507178369172768,0.8102976675782916
323,0.9818877840768524,0.8437840878206813,0.13810369625617114
324,0.9914819158103687,0.7266503636576815,0.26483155215268717
325,0.9916569747784759,0.9496318039480812,0.0420251708303947
326,0.9831358659117544,0.5558589367097128,0.42727692920204163
327,0.9890431721287377,0.5172024539699976,0.47184071815874007
328,0.9982299189055612,0.9567869792541308,0.04144293965143042
329,0.9746966518481581,0.5251000679669628,0.4495965838811953
330,0.9860302088840286,0.28382986165321916,0.7022003472308094
331,0.9871105694953843,0.9962801120894027,-0.009169542594018365
332,0.9891274523850881,0.9381571218306799,0.05097033055440825
333,0.9974539709793335,0.9817270083655965,0.015726962613737072
334,0.9952799208688321,0.9360406114407668,0.05923930942806532
335,0.9980840199012119,0.8458964221994593,0.1521875977017526
336,0.9930227955853178,0.9041486790515829,0.08887411653373489
337,0.9945029473539078,0.9937246175129275,0.0007783298409802519
338,0.9906090598980822,0.05229512287887289,0.9383139370192093
339,0.9898989849874765,0.5749168641794864,0.41498212080799013
340,0.9921123664913455,0.8195287486901333,0.17258361780121223
341,0.9896821993647928,0.9266292403631083,0.0630529590016845
342,0.9311396625399503,0.09806231653725773,0.8330773460026926
343,0.9667536654858009,0.9867849307235247,-0.020031265237723805
344,0.9624708857330422,0.11765847136563579,0.8448124143674064
345,0.9985285371197005,0.9789924914175311,0.01953604570216938
346,0.9971868146576907,0.23647721394018062,0.76070960071751
347,0.9906588201372635,0.38227439257953333,0.6083844275577301
348,0.9884574727169716,0.6613241480277555,0.3271333246892161
349,0.9983580110419392,0.5288623245232356,0.46949568651870366
350,0.9832825147972981,0.0022507609572802872,0.9810317538400178
351,0.984439643822034,0.4688846092509248,0.5155550345711092
352,0.9891903853903583,0.5796259165427189,0.4095644688476394
353,0.9919293455826788,0.1115427229437044,0.8803866226389744
354,0.977803586136585,0.9954272706178476,-0.017623684481262614
355,0.9844700659344847,0.9013055374805363,0.0831645284539484
356,0.9834459987137387,0.8874880409579025,0.09595795775583627
357,0.9951879335049796,0.7795739133602971,0.21561402014468245
358,0.9974654135154035,0.27690533984344823,0.7205600736719553
359,0.9909069334298861,0.9610978722568824,0.029809061173003748
360,0.9956837321370381,0.9391931386635934,0.05649059347344465
361,0.9925388556810661,0.8657756601787389,0.12676319550232729
362,0.9813957128230636,0.9404245173449822,0.04097119547808137
363,0.9884785663096318,0.36174402342506173,0.6267345428845701
364,0.9964785136253312,0.8073937125052261,0.18908480112010517
365,0.9951233627622758,0.9667956120087188,0.02832775075355698
366,0.9845189504807925,0.11291495034680954,0.871604000133983
367,0.9872905245862639,0.30288796850469374,0.6844025560815701
368,0.9828549621507723,0.8920837621691666,0.09077119998160565
369,0.9810342774860012,0.7273420073693851,0.2536922701166161
370,0.9941716238852341,0.9968567234458185,-0.002685099560584492
371,0.9921243435658349,0.07259743109557862,0.9195269124702563
372,0.9846070702991789,0.9560427593482583,0.0285643109509206
373,0.9856901269842178,0.9768926976732603,0.008797429310957505
374,0.9818038010020187,0.7227220060307115,0.25908179497130723
375,0.9896035519633676,0.7709874923698175,0.21861605959355013
376,0.9974142281447987,0.8409087776336057,0.15650545051119302
377,0.9910008635942079,0.955946439001947,0.035054424592260935
378,0.991310007279945,0.9774693838422206,0.013840623437724409
379,0.9796927268578401,0.9583189987231322,0.021373728134707948
380,0.9935740810256152,0.7685118354620027,0.22506224556361243
381,0.9899143990482101,0.9979820479173779,-0.008067648869167776
382,0.9844826252206471,0.9464758532758688,0.038006771944778306
383,0.9862592278127176,0.16066800264715458,0.825591225165563
384,0.9880060092857735,0.7378859108593815,0.25012009842639205
385,0.9429606661605845,0.6579474352089246,0.28501323095165987
386,0.9972018107193374,0.959796707214599,0.03740510350473847
387,0.9990335357723991,0.9247726400745626,0.07426089569783645
388,0.9948349192675148,0.888079553520588,0.10675536574692679
389,0.9993498817454003,0.009060984854542847,0.9902888968908574
390,0.9877800635885243,0.9597494007488643,0.028030662839660048
391,0.9888915405874545,0.3616179396293173,0.6272736009581372
392,0.9884455604461274,0.6977145580243994,0.290731002421728
393,0.9980049198253209,0.948051310816967,0.04995360900835388
394,0.999128675244743,0.9221227007453558,0.07700597449938718
395,0.9002529599689633,0.2681004452979626,0.6321525146710006
396,0.9910214911088978,0.9933280812267828,-0.0023065901178850323
397,0.9854628799722049,0.8093170117506552,0.17614586822154976
398,0.9938142665125829,0.5855462275268022,0.4082680389857807
399,0.9874112808171249,0.3610238587031963,0.6263874221139286
400,0.9987805387117863,0.9584314780255916,0.040349060686194704
401,0.9563860673327561,0.8928589522425967,0.0635271150901594
402,0.9883604214400449,0.40441248950906544,0.5839479319309795
403,0.9814997101622627,0.8635326150515018,0.11796709511076087
404,0.9887859724179273,0.8064315232044859,0.18235444921344146
405,0.9932660377246005,0.5972906107845533,0.3959754269400473
406,0.9938046098536663,0.9590328422347081,0.03477176761895817
407,0.9961210845002584,0.9887896336223523,0.007331450877906098
408,0.9675451713161888,0.9806453960767247,-0.013100224760535961
409,0.9908535174356166,0.893933821457215,0.09691969597840155
410,0.9969974163441224,0.9560405880681482,0.040956828275974244
411,0.9941408287883411,0.9975259070614654,-0.0033850782731242868
412,0.9806507176058367,0.8981143389061391,0.08253637869969754
413,0.9883424912156207,0.9673159917611833,0.021026499454437353
414,0.9868374443609992,0.787468094485596,0.19936934987540322
415,0.9929418073569556,0.34884638140922536,0.6440954259477303
416,0.9333860211679224,0.7972524865035071,0.13613353466441525
417,0.9758409333114679,0.8227236892049612,0.15311724410650673
418,0.9929169485241627,0.1406778136614667,0.852239134862696
419,0.9911851052755154,0.9951068359481425,-0.003921730672627133
420,0.93110743157177,0.4497379813297737,0.4813694502419963
421,0.9928446975553316,0.42971229766422203,0.5631323998911095
422,0.9938541795818486,0.3546362522001352,0.6392179273817133
423,0.986084216237742,0.915581156268509,0.070503059969233
424,0.995843922696457,0.5473799674057289,0.44846395529072813
425,0.9870530949798744,0.4612947104496057,0.5257583845302687
426,0.9945269692788546,0.9319693156648329,0.06255765361402177
427,0.996052043847175,0.8655911988595258,0.1304608449876492
428,0.9902551379014501,0.9251460206617494,0.0651091172397007
429,0.9956336382143721,0.05342907817263498,0.9422045600417371
430,0.9947529012807406,0.9809049083377149,0.013847992943025633
431,0.978182434266801,0.7371521767565952,0.2410302575102058
432,0.997084113122195,0.016911854140694453,0.9801722589815006
433,0.9916462786977562,0.8448240301143676,0.14682224858338866
434,0.997050248273966,0.572990589269124,0.424059659004842
435,0.999762476996163,0.9589145606360192,0.04084791636014384
436,0.9983690630170873,0.5482019695944276,0.4501670934226597
437,0.9915773875144637,0.5752937347740644,0.41628365274039925
438,0.9898545022005645,0.7133375263602965,0.276516975840268
439,0.9979237273543878,0.15966582468727467,0.8382579026671132
440,0.9823687488743433,0.8149912489389046,0.1673774999354387
441,0.9939868699186861,0.9764028592105648,0.017584010708121323
442,0.9860970209467921,0.9649183741693682,0.02117864677742387
443,0.9940142761533413,0.8800617383770332,0.1139525377763081
444,0.9977978118567385,0.7366443270941738,0.2611534847625647
445,0.9943512447509177,0.7420478807365495,0.25230336401436826
446,0.9385521888364411,0.9347816212994151,0.0037705675370259817
447,0.9860203683971835,0.8818036719635438,0.10421669643363973
448,0.9793224143478094,0.9238635328490479,0.05545888149876155
449,0.9890105629983921,0.2785744550977254,0.7104361079006667
450,0.9734660853353845,0.7554014520724293,0.21806463326295522
451,0.9929214544395337,0.19779054279455674,0.795130911644977
452,0.9751245590485744,0.912804954533173,0.06231960451540142
453,0.9946943548258,0.9290466699463037,0.06564768487949635
454,0.9836116948952252,0.019192797782672022,0.9644188971125531
455,0.9638667878683932,0.602155558659409,0.36171122920898424
456,0.9909089024343242,0.07046473105981302,0.9204441713745112
457,0.9973525259644092,0.9513708172853252,0.04598170867908391
458,0.9535305555932679,0.879581024464455,0.07394953112881297
459,0.9986872793955628,0.9307863755604272,0.06790090383513558
460,0.9959281765240395,0.9682952695421041,0.027632906981935434
461,0.9901630029660364,0.10273203959552252,0.887430963370514
462,0.9979855943083382,0.9850470470875718,0.012938547220766372
463,0.9933735975245301,0.8650778528111259,0.12829574471340421
464,0.9945081626576731,0.9006277254807242,0.09388043717694883
465,0.9956954936191205,0.8457735131725767,0.1499219804465438
466,0.9946207002617572,0.9701461578037351,0.024474542458022053
467,0.991004762705504,0.9187949756768264,0.07220978702867753
468,0.9958560704906846,0.7757763529469794,0.22007971754370514
469,0.9980467042577649,0.7058919476738571,0.29215475658390777
470,0.9973484550249163,0.8678355409971694,0.1295129140277469
471,0.9863106861457487,0.9461429222048052,0.04016776394094346
472,0.9846696708596946,0.9194568301091826,0.06521284075051204
473,0.9851612483024725,0.4049152901073453,0.5802459581951273
474,0.9968815607787535,0.4250871343197595,0.571794426458994
475,0.9966871507310231,0.7737144260179766,0.22297272471304652
476,0.9844999872112663,0.5773371566962522,0.4071628305150141
477,0.9930602358128604,0.2533080862781635,0.7397521495346969
478,0.9830257236005719,0.9568471669678675,0.02617855663270441
479,0.9881777837510152,0.980915605507878,0.0072621782431371296
480,0.9876684303119043,0.4224392579814612,0.5652291723304431
481,0.9924756818826563,0.886371807427039,0.10610387445561731
482,0.9952581506086353,0.5828990479631472,0.41235910264548814
483,0.9955178558496437,0.9573601008145884,0.03815775503505525
484,0.9835975239715624,0.9591592673668854,0.024438256604677022
485,0.9866841074505056,0.9841795744110846,0.0025045330394209975
486,0.9926641302529682,0.07354106858144879,0.9191230616715194
487,0.9948384672701374,0.8175598112023005,0.17727865606783688
488,0.9959632847693761,0.7617263331748321,0.23423695159454405
489,0.9841764974526048,0.37837098938327524,0.6058055080693296
490,0.9693242358748104,0.9162404346726767,0.05308380120213374
491,0.9952893927603716,0.8350178147575045,0.16027157800286718
492,0.9905572097550698,0.9053239729296352,0.0852332368254346
493,0.9535064598839381,0.984871675615409,-0.031365215731470886
494,0.9970413635663069,0.06058135481870894,0.9364600087475979
495,0.9616745190886073,0.9427501762721396,0.01892434281646771
496,0.9931706895628276,0.9625487169235614,0.03062197263926625
497,0.987054343346633,0.9014574656621975,0.08559687768443547
498,0.996538351193568,0.9331164111226784,0.06342194007088964
499,0.9822360992853985,0.8539450142134596,0.12829108507193887
500,0.9782251048898709,0.379499373320179,0.5987257315696919
501,0.9970661655134077,0.5448640536132041,0.45220211190020354
502,0.990124936198744,0.8842020590478534,0.10592287715089055
503,0.9945920548064529,0.7237184982209863,0.2708735565854665
504,0.9963284369158526,0.9988292056384689,-0.0025007687226162867
505,0.9881650098097693,0.5601986707651333,0.427966339044636
506,0.9908298481470021,0.9859799207065734,0.004849927440428781
507,0.9814380849427302,0.994641675834065,-0.013203590891334827
508,0.9839963553619658,0.46004677714266295,0.5239495782193029
509,0.9922588964431105,0.7497649104858765,0.24249398595723404
510,0.9830304924649488,0.9619715048463869,0.021058987618561842
511,0.9839236757083043,0.574641238334486,0.4092824373738183
512,0.999583625086827,0.6922794537815831,0.3073041713052439
513,0.9982535262363239,0.982852890666917,0.015400635569406962
514,0.988541719789138,0.677930349634114,0.31061137015502394
515,0.9960756302018974,0.3156526377880038,0.6804229924138936
516,0.9919061591114283,0.34626695633977755,0.6456392027716508
517,0.9952892180107806,0.9242778326074619,0.07101138540331875
518,0.9796953965867159,0.27770858142811067,0.7019868151586053
519,0.9726494914542834,0.4467968037642415,0.5258526876900418
520,0.9847677266823053,0.880071310472015,0.10469641621029024
521,0.9920459398494634,0.9836347963607187,0.008411143488744721
522,0.9962053010240746,0.6423090079733075,0.3538962930507671
523,0.9960383670662591,0.6623775020231643,0.3336608650430949
524,0.9940131177369029,0.957818978595503,0.036194139141399906
525,0.9967294123159999,0.30575746014618777,0.6909719521698121
526,0.9953682133508096,0.9629194480228945,0.032448765327915075
527,0.9861272737331341,0.9601474023753489,0.025979871357785234
528,0.9974288443459358,0.9778847373164119,0.019544107029523916
529,0.9920324449732502,0.5641968485428115,0.42783559643043867
530,0.9966616241085111,0.9876634741454459,0.00899814996306525
531,0.9977150782692512,0.9695818609041633,0.028133217365087893
532,0.9860725669995445,0.6574419683760986,0.3286305986234459
533,0.9861071427308202,0.8729976755399242,0.11310946719089598
534,0.9999882659702602,0.710854730593919,0.28913353537634123
535,0.9850446422096363,0.35971989059914955,0.6253247516104867
536,0.9859265359585087,0.9759337331871266,0.009992802771382037
537,0.9800123217969646,0.21075295480241485,0.7692593669945498
538,0.9683871524594743,0.7682537298740606,0.20013342258541367
539,0.9958369506111446,0.7568020197690654,0.23903493084207927
540,0.9978810464997506,0.988889929607694,0.008991116892056672
541,0.9819745593568637,0.7032430521203035,0.27873150723656026
542,0.9993591040564154,0.6078962254725151,0.3914628785839003
543,0.9856137128687219,0.9683911279432893,0.017222584925432605
544,0.9967882720191714,0.9700027811542713,0.02678549086490012
545,0.9964563116100531,0.908638629669093,0.08781768194096007
546,0.9983784099481325,0.870228873917907,0.1281495360302255
547,0.9954375255983297,0.9512244946695512,0.044213030928778485
548,0.9920668953551975,0.1080495265747499,0.8840173687804477
549,0.9987970403107977,0.8930944178529454,0.10570262245785234
550,0.9919758723231766,0.8657383563974275,0.12623751592574917
551,0.9931601804711223,0.9525898421754413,0.04057033829568102
552,0.9712298953323044,0.9299699350585374,0.041259960273766993
553,0.9865255827674074,0.347520022105541,0.6390055606618664
554,0.9929080014910067,0.5225718441085636,0.47033615738244305
555,0.9894735383737597,0.6569382885326398,0.33253524984111993
556,0.9903078543582077,0.692979230978023,0.2973286233801846
557,0.9938269812381182,0.26199828575143297,0.7318286954866853
558,0.9843289981439216,0.941777120988637,0.042551877155284634
559,0.9959693708024429,0.9675426452541401,0.028426725548302723
560,0.9708376800483511,0.8520817376285199,0.11875594241983123
561,0.9997543734986447,0.703617390886446,0.2961369826121987
562,0.9999080990815071,0.9827623761300324,0.017145722951474762
563,0.9948777180869158,0.8617041870072999,0.13317353107961594
564,0.9977012555919655,0.176711110940947,0.8209901446510186
565,0.9886914415307845,0.8163296283056295,0.17236181322515498
566,0.9949303438219275,0.309120772564795,0.6858095712571325
567,0.9944229093080572,0.46177777417534904,0.5326451351327082
568,0.9954686093844366,0.9914540606694916,0.004014548714944999
569,0.9892011859084964,0.14901424281663742,0.8401869430918589
570,0.9931717320013841,0.9776285781372981,0.015543153864086001
571,0.99159219426132,0.41284757164702435,0.5787446226142956
572,0.9986184478248042,0.3710788967528719,0.6275395510719324
573,0.946668093287344,0.5993033130890898,0.34736478019825423
574,0.9859037129026006,0.9266542946256353,0.05924941827696528
575,0.9944342572807038,0.6854148197995109,0.30901943748119287
576,0.9885560987134768,0.8874679529851969,0.10108814572827995
577,0.983203684239039,0.9069698031867567,0.07623388105228235
578,0.9907818428312978,0.9937677051085199,-0.0029858622772220844
579,0.9965984334595743,0.39505411142672264,0.6015443220328517
580,0.9990298343390602,0.8560229665605135,0.14300686777854676
581,0.984784787960839,0.8488847638113705,0.13590002414946856
582,0.9972817405210161,0.961988628234762,0.03529311228625409
583,0.9705660805003344,0.32759022215197625,0.6429758583483582
584,0.9876071559729197,0.9677299493255302,0.019877206647389456
585,0.9821814655685527,0.2621477981439689,0.7200336674245837
586,0.9944168582368985,0.5106297768079896,0.4837870814289089
587,0.9968590201677184,0.8052179414804101,0.19164107868730829
588,0.9993448417068582,0.26666420798374296,0.7326806337231153
589,0.9887922301633707,0.9964405196741111,-0.007648289510740369
590,0.9929572567095009,0.9108718280909176,0.08208542861858326
591,0.9839882757353741,0.436137213218828,0.547851062516546
592,0.9800086650472775,0.9369963958084966,0.043012269238780876
593,0.9632441914615442,0.587376664263727,0.37586752719781713
594,0.9810541093139749,0.9200369544669933,0.06101715484698156
595,0.9742221222930638,0.7277171306430374,0.24650499165002637
596,0.9847126359361629,0.9326187536074062,0.05209388232875667
597,0.993339311888456,0.9686633677764646,0.024675944111991477
598,0.9984414642445019,0.8587416813128542,0.13969978293164764
599,0.9975259429666021,0.1737397767222117,0.8237861662443904
600,0.9887097950097021,0.880497989166815,0.10821180584288714
601,0.9939318434121949,0.9043034099511206,0.0896284334610743
602,0.9867651653753265,0.7993348955286863,0.18743026984664024
603,0.9992870472074123,0.982723724699615,0.01656332250779735
604,0.997141013397019,0.8016397816171154,0.19550123177990364
605,0.976432051373473,0.9499266108955429,0.02650544047793013
606,0.9911872237325405,0.9361220125409822,0.05506521119155838
607,0.989211902290772,0.44257638789717846,0.5466355143935936
608,0.9906757879294277,0.9180051059743592,0.07267068195506843
609,0.9939910515398331,0.46500207198291676,0.5289889795569164
610,0.9910174754477726,0.9145217599769853,0.07649571547078737
611,0.9876770862928641,0.7306777880642479,0.2569992982286162
612,0.981999951238535,0.6059488026566049,0.3760511485819301
613,0.9930201234787981,0.961510879844883,0.03150924363391505
614,0.9959381405899568,0.6530669548695381,0.34287118572041864
615,0.9741794278245605,0.4884547908082305,0.48572463701632995
616,0.9923697108066977,0.4740802435950442,0.5182894672116535
617,0.9637038327859108,0.960931004689137,0.002772828096773816
618,0.9882427028211792,0.5699223695375295,0.4183203332836497
619,0.9974048521287058,0.9484386572349618,0.048966194893743986
620,0.9880994133267403,0.7740802425612325,0.2140191707655078
621,0.9928866784343776,0.8739765573162793,0.11891012111809829
622,0.9964319302465408,0.9900338550167025,0.006398075229838263
623,0.9943263040419847,0.8684468214218869,0.12587948262009785
624,0.9740755548632357,0.990082578355557,-0.016007023492321304
625,0.994726690665538,0.9268088841634388,0.06791780650209922
626,0.9892081435674125,0.6572198694607325,0.33198827410667997
627,0.972262785240577,0.2368966498143003,0.7353661354262766
628,0.9985931849950677,0.29496997817840753,0.7036232068166601
629,0.9952875048993546,0.8548000846073581,0.14048742029199646
630,0.9893140326120072,0.9773592739021353,0.011954758709871949
631,0.9874264731789608,0.5166854442713856,0.4707410289075752
632,0.9672424699245458,0.8796352341053871,0.08760723581915864
633,0.9953885231969029,0.9718656481276008,0.023522875069302063
634,0.9945862898720659,0.9790871887604903,0.015499101111575597
635,0.9940275246850623,0.7718916220586763,0.22213590262638594
636,0.9836418289982751,0.7493398992275752,0.23430192977069997
637,0.9880036907468082,0.8546913189474731,0.13331237179933508
638,0.9713911981192365,0.8808598522743758,0.09053134584486067
639,0.9951486048125129,0.9972949428264979,-0.0021463380139850052
640,0.9933775505597624,0.8710000501144441,0.12237750044531825
641,0.9646298403980966,0.8818831159872316,0.08274672441086506
642,0.9871998111165083,0.008075604988548285,0.97912420612796
643,0.980059558619716,0.6098894685573122,0.37017009006240387
644,0.9984459609358104,0.8278978202644985,0.17054814067131185
645,0.9748704570779971,0.8700804652504357,0.10478999182756144
646,0.9944805282082142,0.9873546098965442,0.0071259183116699765
647,0.9873655378414314,0.9743308222722183,0.013034715569213096
648,0.9874722492376473,0.8752131722717826,0.11225907696586468
649,0.9759312395985388,0.9346259384618016,0.04130530113673714
650,0.982800444144638,0.805525672675938,0.17727477146869997
651,0.9982700942634336,0.617342729066036,0.38092736519739756
652,0.9935230028021674,0.5099468888310701,0.48357611397109734
653,0.9913617176148249,0.27855019680284654,0.7128115208119784
654,0.960438493612016,0.834921075195284,0.12551741841673203
655,0.9962195998179316,0.5638294045002228,0.43239019531770884
656,0.9970616688015254,0.9858539025401223,0.011207766261403074
657,0.9977867855361703,0.998684905083967,-0.0008981195477967274
658,0.9979483560349982,0.6558369941796356,0.3421113618553626
659,0.9932725788212995,0.9945891861938935,-0.0013166073725939809
660,0.9911834735999867,0.1350911848324634,0.8560922887675233
661,0.9978698070573231,0.959523429199646,0.03834637785767714
662,0.9910745648768591,0.9439168272701822,0.04715773760667685
663,0.9926376683273846,0.7428663999971727,0.2497712683302119
664,0.9876902873947847,0.8363803226467091,0.15130996474807556
665,0.9950823298633134,0.9625161842145628,0.0325661456487506
666,0.9996769534882312,0.9947930068880072,0.004883946600223954
667,0.9668958277452508,0.646124932130402,0.32077089561484884
668,0.9842285441470746,0.9353725382572582,0.04885600588981642
669,0.9611345993274866,0.8434025152482996,0.117732084079187
670,0.9881887945640326,0.4716961873626745,0.5164926072013581
671,0.9986644013471402,0.9905651595568357,0.008099241790304523
672,0.9849035353864373,0.989631152793404,-0.0047276174069667
673,0.9848942731157907,0.844413770021688,0.14048050309410265
674,0.9648963114832645,0.031167668877839845,0.9337286426054247
675,0.9708653989601214,0.9732884285745228,-0.0024230296144014396
676,0.9810049851779274,0.8509856556661259,0.1300193295118015
677,0.9968369943614437,0.960697057106814,0.03613993725462972
678,0.99614152606341,0.7895522647370289,0.2065892613263811
679,0.9942433211362698,0.1943636819443453,0.7998796391919245
680,0.9980493922046483,0.9923076983706799,0.0057416938339683865
681,0.9963452601785235,0.08376483722481179,0.9125804229537118
682,0.9943043508280585,0.8612609456811512,0.13304340514690727
683,0.9635274291642187,0.5703170744768981,0.3932103546873207
684,0.9806565640729579,0.9283803060360734,0.052276258036884515
685,0.9980240360406198,0.6963764905498535,0.30164754549076633
686,0.9986101420627317,0.9143208967795873,0.08428924528314441
687,0.9843708753338196,0.9840687088492277,0.00030216648459191475
688,0.986487526875485,0.6907617126107009,0.29572581426478417
689,0.999295273096304,0.8151240515601096,0.18417122153619436
690,0.9970042069714025,0.8259436292642123,0.1710605777071902
691,0.998064637197934,0.5224440635348342,0.47562057366309984
692,0.9953617124974568,0.8825749510055357,0.11278676149192102
693,0.9984734504055797,0.8251316074517807,0.17334184295379895
694,0.9905822363579948,0.10475263132406104,0.8858296050339338
695,0.992459693856973,0.9616895922208597,0.030770101636113267
696,0.9846054508555888,0.5668296062127247,0.4177758446428641
697,0.9951486180741491,0.9050202652487227,0.09012835282542642
698,0.9959581262038291,0.9786463193873067,0.017311806816522335
699,0.9917677030758543,0.9556037247876517,0.036163978288202614
700,0.9758564714347118,0.4943081742444716,0.48154829719024017
701,0.9933167506508169,0.7596914974455531,0.23362525320526384
702,0.9817884355891074,0.6527836465468182,0.32900478904228925
703,0.9704527681116792,0.8909274017141131,0.07952536639756613
704,0.9981654680486816,0.9421993878019082,0.05596608024677341
705,0.9777816799308222,0.8925113462318549,0.0852703336989673
706,0.9939309392114656,0.39178476724670364,0.602146171964762
707,0.9960615178077181,0.029583756770412833,0.9664777610373053
708,0.9702428043271889,0.03611885166481449,0.9341239526623744
709,0.9383200175503551,0.7659471388066256,0.17237287874372953
710,0.9993376025574066,0.9516121863101942,0.04772541624721238
711,0.9878918450170354,0.9615181726264683,0.026373672390567093
712,0.9866825733269021,0.7488707178057146,0.23781185552118755
713,0.9995528952306529,0.0567239700983132,0.9428289251323397
714,0.9956082807335093,0.9285647550598852,0.06704352567362404
715,0.9899137808508638,0.7012789473779393,0.2886348334729245
716,0.997542907787473,0.7070271458791383,0.2905157619083347
717,0.9982632326254633,0.963332508562117,0.0349307240633463
718,0.9999083282594722,0.4843466460672519,0.5155616821922202
719,0.9860572466890323,0.9674283544387507,0.018628892250281526
720,0.993169153300715,0.45674343261184003,0.536425720688875
721,0.997440089607819,0.13754677652234,0.8598933130854791
722,0.9884373661957807,0.7787152494902392,0.20972211670554153
723,0.9971687567886047,0.9643750586256928,0.03279369816291189
724,0.9792776468328457,0.47448124736883074,0.504796399464015
725,0.9806673094592555,0.8581814728111528,0.12248583664810275
726,0.9980351438327278,0.7477183462880604,0.2503167975446674
727,0.9951670895804351,0.8487712208518086,0.14639586872862653
728,0.9975658673928602,0.7002228860903335,0.2973429813025268
729,0.9885436622587559,0.6655000192053615,0.3230436430533944
730,0.9883323114399453,0.19501102182187258,0.7933212896180727
731,0.9612937205015124,0.17714708916247368,0.7841466313390387
732,0.9916145620439227,0.9715063449512148,0.020108217092707936
733,0.9789284979010225,0.6261399608872668,0.3527885370137558
734,0.9983221892908839,0.862027003459812,0.13629518583107192
735,0.9831661559666514,0.8260440757700652,0.15712208019658613
736,0.9949038073106983,0.401892632796952,0.5930111745137463
737,0.994930832327405,0.2722129093644941,0.7227179229629108
738,0.9982100794494574,0.8365569971862401,0.16165308226321728
739,0.997528788225234,0.7870638447751107,0.21046494345012334
740,0.9920301716315462,0.8967801900545486,0.0952499815769976
741,0.9976762859503565,0.39322111042039853,0.604455175529958
742,0.9963196678880527,0.17492970818464004,0.8213899597034127
743,0.9981892261305775,0.32881839887044617,0.6693708272601313
744,0.9797469011006787,0.9270558746166373,0.05269102648404145
745,0.9860418364447774,0.9447091620278087,0.04133267441696864
746,0.9872414640307342,0.7034692602957449,0.28377220373498935
747,0.985524517148586,0.9966917370166878,-0.011167219868101763
748,0.9821584984367498,0.9074160765773582,0.07474242185939162
749,0.9940002131574848,0.8333779697795783,0.16062224337790643
750,0.9990763182191165,0.7443493191955756,0.2547269990235409
751,0.9875947047616546,0.2764378328856841,0.7111568718759704
752,0.9909259153676842,0.7705582531097269,0.22036766225795723
753,0.9917324702638761,0.7938508661597881,0.19788160410408806
754,0.995322565938339,0.23763482564668023,0.7576877402916588
755,0.9879409161810684,0.5042320489798922,0.48370886720117623
756,0.99566788179345,0.838218311244546,0.15744957054890396
757,0.9768957297187854,0.8068402199821948,0.17005550973659056
758,0.9963625973494715,0.9407423411427239,0.0556202562067476
759,0.9947923973953602,0.9959073340563418,-0.0011149366609816136
760,0.9881957108064787,0.31141725900726136,0.6767784517992174
761,0.9932106915231287,0.9597059421803913,0.033504749342737394
762,0.9759721451941488,0.5759578316028128,0.400014313591336
763,0.9212925385968729,0.9251653927034201,-0.003872854106547252
764,0.9922002095877547,0.6797358614523069,0.31246434813544777
765,0.9957575635930702,0.9891622779311373,0.006595285661932904
766,0.992012062006169,0.9705316015973078,0.0214804604088612
767,0.9968152401957323,0.5337494876773674,0.4630657525183649
768,0.9902753840036198,0.968381019421448,0.021894364582171755
769,0.9837976443475446,0.944012697950016,0.03978494639752861
770,0.9992874588820863,0.6998385659127884,0.2994488929692979
771,0.9937200833692843,0.9152776874951769,0.0784423958741074
772,0.9977122018588613,0.37802365757991285,0.6196885442789485
773,0.9932303068518812,0.4005553153875919,0.5926749914642893
774,0.9982379023302672,0.9681021873187561,0.030135715011511133
775,0.9898957779611338,0.653953569859018,0.33594220810211584
776,0.9873703044906754,0.901051858192369,0.08631844629830643
777,0.9964280173360884,0.817137458311672,0.17929055902441648
778,0.9916067120752061,0.7894078115559269,0.20219890051927925
779,0.9916228805910317,0.6774689230406918,0.3141539575503398
780,0.9918285502658409,0.9657848606777185,0.02604368958812242
781,0.988628952536404,0.14176001734181265,0.8468689351945914
782,0.9920145139215565,0.903438395329893,0.08857611859166348
783,0.9954812691457356,0.9734676050337646,0.022013664111971032
784,0.9910129173208486,0.9666349064634658,0.02437801085738278
785,0.9857988834479237,0.9164827338531075,0.06931614959481613
786,0.9979591715716827,0.9219893692012247,0.07596980237045803
787,0.994063240015883,0.9330293687555195,0.061033871260363526
788,0.9391973909839579,0.3521849977499312,0.5870123932340268
789,0.9901771519385968,0.935813922061088,0.054363229877508745
790,0.9332052799892705,0.7921453110079314,0.1410599689813391
791,0.9961245583575841,0.9153444535704589,0.08078010478712516
792,0.9888169539505239,0.9888280084230674,-1.1054472543459148e-05
793,0.9775652790834923,0.9108025208271816,0.06676275825631073
794,0.9905822023486548,0.9587144111317876,0.031867791216867225
795,0.9965574728535368,0.22385241370957737,0.7727050591439595
796,0.9978800262094795,0.07820527513569364,0.9196747510737858
797,0.9826485546756598,0.5060153840733652,0.4766331706022946
798,0.9954737814645399,0.11903768582553831,0.8764360956390016
799,0.9973901255857498,0.9785175932996899,0.018872532286059895
800,0.9819577679539169,0.9254384550577243,0.05651931289619261
801,0.9764219910995222,0.5874749188487959,0.38894707225072633
802,0.9823508703282601,0.9912240718870149,-0.008873201558754817
803,0.9815842936779734,0.9827839790212375,-0.0011996853432640897
804,0.9975084362325148,0.9866030253468808,0.010905410885634015
805,0.9986183199286383,0.8124456547885057,0.18617266514013253
806,0.9985911007811515,0.8186620602681032,0.17992904051304837
807,0.9728575661184599,0.8920599952689967,0.08079757084946315
808,0.9579604642492789,0.5125781031734419,0.44538236107583706
809,0.9965919705825356,0.9640428871028284,0.0325490834797072
810,0.9514198847954455,0.21438607254204223,0.7370338122534033
811,0.9859106011696832,0.87166578981564,0.11424481135404319
812,0.9665135156098614,0.6091521656509227,0.35736134995893876
813,0.9749590610508997,0.30718648923091685,0.6677725718199828
814,0.982188684029048,0.8949005764938082,0.08728810753523986
815,0.9752925917082133,0.2296798133427953,0.745612778365418
816,0.9885178420971488,0.2902039307494767,0.6983139113476721
817,0.9820648367932399,0.9014795719369308,0.08058526485630901
818,0.9954450600391391,0.6798389480151239,0.31560611202401523
819,0.979185486545584,0.9162779076054586,0.06290757894012544
820,0.9929015396418917,0.7471526312738552,0.24574890836803642
821,0.9973000119638267,0.7340835584772458,0.26321645348658085
822,0.9970913653494133,0.792652043613372,0.2044393217360413
823,0.9834591925982752,0.664730602031963,0.3187285905663122
824,0.9929915187292828,0.9676299681000737,0.025361550629209084
825,0.9702802873473042,0.25931592791694685,0.7109643594303574
826,0.9589292547176173,0.8758382288909367,0.0830910258266806
827,0.9907106952285837,0.4861715438558058,0.5045391513727779
828,0.9884964008230598,0.8185500069846405,0.16994639383841925
829,0.9950591006019663,0.9205177900020238,0.07454131059994251
830,0.9986531668413863,0.5155713005708611,0.4830818662705252
831,0.9729888919489038,0.6452911885056105,0.3276977034432933
832,0.9896010292760857,0.9003163219650812,0.08928470731100457
833,0.9976292098305326,0.596353304358602,0.4012759054719306
834,0.9980898008405327,0.33059770433927754,0.6674920965012552
835,0.9882671398770861,0.4517590366678731,0.536508103209213
836,0.9941836774499412,0.7028974894098425,0.29128618804009865
837,0.9933675752746791,0.8435792215789455,0.14978835369573362
838,0.9799268177430613,0.6596491122735114,0.3202777054695499
839,0.9711579216620752,0.5488975663327385,0.4222603553293367
840,0.9965091576789906,0.9878851994998284,0.008623958179162172
841,0.9906764006969885,0.913426512195822,0.07724988850116643
842,0.9973733833588241,0.9342679628351421,0.06310542052368195
843,0.9846339915087778,0.9564098397183112,0.028224151790466667
844,0.9934077861914447,0.9223877328308652,0.07102005336057948
845,0.9845067616012741,0.7419121180765357,0.24259464352473847
846,0.9600323390612543,0.96118242064269,-0.0011500815814357024
847,0.9716865478551758,0.9600068199199657,0.011679727935210105
848,0.9781028982987311,0.25404226407568287,0.7240606342230482
849,0.9895788734940147,0.9888771806321432,0.0007016928618714946
850,0.9983872294821522,0.9495927295663982,0.04879449991575402
851,0.9775201241100007,0.34000303027069056,0.6375170938393101
852,0.9727738383162515,0.6891280924040741,0.2836457459121774
853,0.9893320690037852,0.26667904579771545,0.7226530232060697
854,0.9799716906327844,0.9644863846655094,0.015485305967275043
855,0.9958908177420182,0.9892795120168926,0.0066113057251255825
856,0.9912866303797149,0.7820130304929507,0.2092735998867642
857,0.959564012817173,0.5038376213369707,0.4557263914802022
858,0.9866478429999022,0.99202706917024,-0.005379226170337814
859,0.9911130352150337,0.3462003305169505,0.6449127046980832
860,0.9551955471267488,0.152533281987488,0.8026622651392608
861,0.9950928646334174,0.9712786419769147,0.02381422265650268
862,0.9952061480211774,0.8891249792366287,0.10608116878454865
863,0.9984974000570765,0.18690691008921645,0.8115904899678601
864,0.9764659384268076,0.20818493068915284,0.7682810077376547
865,0.9928674938761157,0.9487330221293468,0.04413447174676888
866,0.9784924002624316,0.0938220850192869,0.8846703152431447
867,0.9881241318580858,0.7268828783245169,0.26124125353356886
868,0.9768997882241719,0.25283987781687994,0.724059910407292
869,0.9802479951837524,0.7510446255655048,0.2292033696182476
870,0.9911355297183113,0.9423495881569204,0.04878594156139093
871,0.9928696592498546,0.6593465112711293,0.3335231479787253
872,0.9904306265862108,0.2075843096634748,0.782846316922736
873,0.9738433760884212,0.6233576457098758,0.35048573037854536
874,0.9956080981169827,0.8249281139425026,0.17067998417448005
875,0.9983165147731458,0.8114416336070306,0.18687488116611517
876,0.9659018952683057,0.7915611174953705,0.17434077777293522
877,0.9955790506967888,0.3416023056414566,0.6539767450553322
878,0.997438642959968,0.7354653548160203,0.2619732881439477
879,0.9923199154274404,0.972630926263695,0.019688989163745396
880,0.9931969207358662,0.8189521552342269,0.17424476550163925
881,0.9772966794018545,0.43454973164833854,0.542746947753516
882,0.9978805548699058,0.2386103230547538,0.759270231815152
883,0.992811569843969,0.9473170930862937,0.04549447675767526
884,0.9394659203163156,0.958152764914192,-0.018686844597876395
885,0.9986919240425791,0.13805986778808255,0.8606320562544966
886,0.9946404732193554,0.9901620266491861,0.004478446570169381
887,0.9993541910031409,0.9687602019809812,0.030593989022159707
888,0.9959062563015473,0.8620288735342155,0.13387738276733174
889,0.9955797570464233,0.42381389424727317,0.5717658627991502
890,0.9951914542736828,0.8164139933618336,0.1787774609118492
891,0.9914050637453665,0.6053922904434502,0.3860127733019163
892,0.9990569837649803,0.7538445465283435,0.24521243723663677
893,0.9856381768806886,0.6962822198148233,0.28935595706586525
894,0.9905607120701413,0.48741408905282707,0.5031466230173143
895,0.9927877058401594,0.8733550925529866,0.1194326132871728
896,0.9938211030347182,0.5186457229673783,0.47517538006733984
897,0.9899374921067524,0.5738814361332857,0.41605605597346673
898,0.9975817642972887,0.9907662481389499,0.0068155161583388635
899,0.9948217139161566,0.8699212896229752,0.12490042429318138
900,0.9950513557504519,0.2561806832986556,0.7388706724517963
901,0.989159601716239,0.9653861856784242,0.0237734160378148
902,0.9953161069224966,0.09125276927275885,0.9040633376497378
903,0.9802542100983085,0.9519317275660916,0.02832248253221692
904,0.9986246479915541,0.07712533376368785,0.9214993142278662
905,0.9482214600281889,0.7046650556493451,0.24355640437884374
906,0.9931381639204596,0.951515773068765,0.04162239085169461
907,0.9871217260788154,0.667192335035947,0.31992939104286844
908,0.9971455283197521,0.4362987527575964,0.5608467755621558
909,0.9971430883334205,0.30996022526256956,0.687182863070851
910,0.9960370373720289,0.9607916281741896,0.03524540919783925
911,0.9835515565492862,0.7177297822434867,0.26582177430579945
912,0.9955306558594754,0.9416616834642046,0.053868972395270776
913,0.9897105077004812,0.37143590878732213,0.6182745989131591
914,0.991410616332392,0.09734861606595119,0.8940620002664408
915,0.9949794393830957,0.9708332828284513,0.02414615655464447
916,0.9814458190797466,0.9679906856450317,0.013455133434714939
917,0.9830159644539901,0.968749606555326,0.01426635789866404
918,0.9985278207536963,0.9664141065362207,0.03211371421747555
919,0.9921844128797362,0.8228410515422335,0.16934336133750272
920,0.9754710041206885,0.7369350445258009,0.2385359595948876
921,0.9856211423207741,0.7437696918440323,0.24185145047674184
922,0.9991145548697824,0.8590812146255596,0.14003334024422276
923,0.983427840512623,0.6178983246308902,0.36552951588173277
924,0.9960173516828887,0.8256648341926864,0.1703525174902023
925,0.9965280699379703,0.9613753065240072,0.03515276341396312
926,0.9742931327343882,0.991022298256661,-0.01672916552227277
927,0.9785357723815082,0.8105540653154604,0.16798170706604787
928,0.9977676585453963,0.7234015494002115,0.2743661091451848
929,0.9943663293582385,0.7677767536623771,0.22658957569586147
930,0.9832547842386117,0.8056813314913506,0.1775734527472611
931,0.987385602537727,0.5044685201673088,0.4829170823704182
932,0.9798866731525756,0.2950232304490905,0.6848634427034851
933,0.9934092040359438,0.36914587623774886,0.6242633277981949
934,0.9902776562193759,0.883067813967763,0.1072098422516129
935,0.9936825685891579,0.7094648288718091,0.28421773971734887
936,0.9900003451038969,0.5545895600596173,0.43541078504427955
937,0.9944928025568608,0.22856663178633538,0.7659261707705254
938,0.9920044095264537,0.6375465233176427,0.354457886208811
939,0.9904809997883903,0.44741036518705074,0.5430706346013396
940,0.995115471123403,0.9848161741038317,0.01029929701957133
941,0.9993264778249105,0.9841184881182894,0.015207989706621072
942,0.995242115985123,0.39162098193716444,0.6036211340479586
943,0.9951764261042715,0.17402800504178476,0.8211484210624868
944,0.9688099692349208,0.19457702108411182,0.774232948150809
945,0.9832817824658497,0.685171907036946,0.29810987542890377
946,0.9845277847053937,0.7040851923190965,0.2804425923862972
947,0.9854397864643126,0.5840299778788975,0.4014098085854151
948,0.9955606088850933,0.9903275173646466,0.005233091520446709
949,0.9945855753140657,0.9917835358875008,0.002802039426564873
950,0.995721471935678,0.11636909155148631,0.8793523803841916
951,0.9918204144788875,0.864909137428386,0.12691127705050143
952,0.9887809435136587,0.7625057029545486,0.2262752405591102
953,0.9746105916315654,0.8247508162264334,0.14985977540513196
954,0.9864905255487171,0.9156945479398991,0.07079597760881795
955,0.999057321816398,0.9428860284120347,0.05617129340436322
956,0.9917420554535945,0.610551314042788,0.38119074141080656
957,0.9809783072180706,0.6224247003032892,0.35855360691478133
958,0.998725042288404,0.9766871854681578,0.02203785682024617
959,0.9981468419905802,0.9487818971845109,0.049364944806069344
960,0.968847150501377,0.5947614435858424,0.37408570691553467
961,0.9980818184088424,0.9629365030670615,0.03514531534178089
962,0.9845008419898161,0.6661777223155512,0.31832311967426496
963,0.9695782710655425,0.6782217618548728,0.2913565092106697
964,0.994554212594247,0.6909486661202201,0.30360554647402693
965,0.9990723794523945,0.9174197963559437,0.08165258309645074
966,0.991395663148345,0.792462476852456,0.19893318629588908
967,0.9950858886278096,0.9248265296709564,0.0702593589568532
968,0.9967121021790333,0.26353484875204725,0.733177253426986
969,0.975702226374078,0.7741321778827697,0.20157004849130833
970,0.9912063252898717,0.5881126035938089,0.40309372169606283
971,0.9984138167595327,0.9989874543758991,-0.0005736376163664181
972,0.9647347347139161,0.3794269468038163,0.5853077879100999
973,0.9803014010993396,0.9813767133963746,-0.0010753122970349471
974,0.9933978340117886,0.9779538302518419,0.0154440037599467
975,0.9943510910765556,0.9309480933195684,0.06340299775698721
976,0.9929144584595636,0.5807585284349985,0.4121559300245651
977,0.9919891951528432,0.9418890901528042,0.05010010500003903
978,0.9980304501852495,0.5434396160565745,0.45459083412867496
979,0.9898565727546434,0.5806974417024614,0.40915913105218205
980,0.9854230346899764,0.9550778498156965,0.03034518487427984
981,0.9985367677624326,0.05773732006486676,0.9407994476975658
982,0.9965813583802237,0.8994250054923179,0.0971563528879058
983,0.9518759014246485,0.09567059198002378,0.8562053094446247
984,0.9989535715280351,0.8648872988040186,0.1340662727240165
985,0.9951207504925851,0.9799609825837965,0.01515976790878859
986,0.9962356898746416,0.32161397875416564,0.674621711120476
987,0.9840168619569456,0.7407602540971376,0.24325660785980796
988,0.9681286899630894,0.9938395218340019,-0.0257108318709125
989,0.998644864959432,0.7857951752730601,0.21284968968637197
990,0.996758497315394,0.9803360921457249,0.016422405169669085
991,0.9757318783402775,0.9804323536217943,-0.004700475281516736
992,0.9772379495642416,0.42283488428827465,0.5544030652759669
993,0.9752145914155818,0.932530098709384,0.042684492706197785
994,0.9902542670208303,0.733118337996768,0.25713592902406235
995,0.992196201710494,0.051302722432655296,0.9408934792778387
996,0.9963493173074095,0.8793189746981722,0.11703034260923728
997,0.9934525456292124,0.8190451357613245,0.17440740986788783
998,0.9535144972853556,0.9679229545007297,-0.014408457215374093
999,0.9935384492373931,0.8536915713005155,0.13984687793687756
